image,n_gt,dr,miss,dup,cm_mean
001--1-_jpg.rf.wkSeYcM5YoL66nCZGlH7.jpg,1,1.0,0,0,0.9001960158348083
001--2-_jpg.rf.7EHquHvIY9vsPYQbsvMP.jpg,2,0.5,1,0,0.48079924657940865
1-1_jpg.rf.dccCthVttEtDYGpWa56D.jpg,1,1.0,0,0,0.8772744536399841
101_1184_jpg.rf.mwnbApr7tM4bxHfAHISo.jpg,1,2.0,0,1,0.18152070045471191
101_1989_jpg.rf.aEBkTDHD43IXVUSlU5XM.jpg,2,1.5,0,1,0.4688149690628052
101_2257_jpg.rf.aHGbZRugV1vknghARKLe.jpg,1,1.0,0,0,0.9254397749900818
101_2265_jpg.rf.ic06sdv1YV1zRMcxMC61.jpg,1,1.0,0,0,0.9168368577957153
101_2269_jpg.rf.s076KlyzgjjVa3pQWZdN.jpg,1,1.0,0,0,0.9445343613624573
101_2281_jpg.rf.0vhB8rx1VydlzpMTug9i.jpg,2,1.0,0,0,0.6672044843435287
101_2285_jpg.rf.ilx7hI28oV2swsiqjL8y.jpg,1,1.0,0,0,0.919883668422699
1_1_jpg.rf.SZ7yetOhQSShmXal2O1J.jpg,1,1.0,0,0,0.8800204992294312
2005-mitsubishi-fuso-fm260-18ft-dies-1_jpg.rf.FFc03begTs8TdKM8pB5M.jpg,1,1.0,0,0,0.8522336483001709
2005-mitsubishi-fuso-fm260-18ft-dies-2_jpg.rf.p2kHTS3QvWRWWjkjyf5R.jpg,1,1.0,0,0,0.8673679828643799
2005-mitsubishi-fuso-fm260-18ft-dies-3_jpg.rf.2gHEqMSHoay5guuHWS4X.jpg,1,1.0,0,0,0.7316548824310303
2005-mitsubishi-fuso-fm260-18ft-dies_jpg.rf.kqzVHj7ekIbyccscNANB.jpg,1,1.0,0,0,0.8700790405273438
202005139300424_jpg.rf.Wed0Qpgi0K4kowc4EdsR.jpg,5,0.800000011920929,2,1,0.4109955634921789
202005139308815_jpg.rf.fMjFWT4ae0HhHQMVrg74.jpg,1,1.0,0,0,0.9082537293434143
202010265448683_jpg.rf.yDK15bISuiQP0Bd7bl4A.jpg,1,1.0,0,0,0.9195356965065002
202010265449562_jpg.rf.TLJ3BbNJTF54QVcVa218.jpg,1,1.0,0,0,0.8996945023536682
202012116998536_jpg.rf.AsG6uki2QsY8S2d1g0zP.jpg,1,1.0,0,0,0.8981776833534241
202012117003463_jpg.rf.0jxuAx9DqK3MuLNqEsKV.jpg,2,1.0,0,0,0.8962953984737396
202102179152860_jpg.rf.SR6UpCnkqtsz3sDYYMY9.jpg,4,0.5,3,1,0.06131740603450453
202102179155180_jpg.rf.826yWVJ35QykR4RrTlZD.jpg,1,1.0,0,0,0.9183017015457153
202102179161742_jpg.rf.Xm0Ye5i4jhrAQZjlPziB.jpg,1,1.0,0,0,0.9255139827728271
202102179168359_jpg.rf.JPNqX0WJjWu0CaaDAJ0j.jpg,2,0.5,1,0,0.49443478137254715
202102179172095_jpg.rf.8X8Or3tN3Ve2XUHLsExj.jpg,3,1.0,1,1,0.39739111391827464
202103190329292_jpg.rf.RT0UHVQBzQarDvHMk7aP.jpg,1,1.0,0,0,0.9262378215789795
202103190329782_jpg.rf.MyJaeNdadLEIhKZICcL4.jpg,2,0.5,1,0,0.5135149918496609
202103190333991_jpg.rf.D92w3ZYDjJZxyhO2ZqdA.jpg,1,1.0,0,0,0.9321765303611755
202103190333993_jpg.rf.wJkbdWwh9hqsDzWgCe6r.jpg,1,1.0,0,0,0.9352600574493408
202103190333994_jpg.rf.tfIuxqxEmQv3bLAdQpr3.jpg,1,1.0,0,0,0.9325252175331116
202103190333999_jpg.rf.ncyhpYHA7OIbdqWOJK3W.jpg,1,1.0,0,0,0.9391081929206848
202103190341597_jpg.rf.sugxrwYfZlQxYq7AP18f.jpg,1,1.0,0,0,0.936241626739502
202103190347234_jpg.rf.LVKg5g3YhCVbw3EmExuy.jpg,2,1.0,0,0,0.6127686649560928
202103190347603_jpg.rf.mEKioKuEJtLr7CpKjnLk.jpg,1,1.0,0,0,0.8917010426521301
202104071064186_jpg.rf.zqU6TE3CRp8pGxmLNvw9.jpg,1,1.0,0,0,0.9397140145301819
202104071074832_jpg.rf.tQL17FJ2lCvhwQLpl3Us.jpg,1,1.0,0,0,0.9133077263832092
202104071098662_jpg.rf.IucOucAQxSp5CKYW19Gv.jpg,1,1.0,0,0,0.913199245929718
202104071099817_jpg.rf.LQGNDOnmr8gGOtFEglZ5.jpg,1,1.0,0,0,0.8986456990242004
202104071100235_jpg.rf.qOvpVjfe85RVrjEN4Xov.jpg,1,1.0,0,0,0.861687958240509
202104091169975_jpg.rf.iZlAyb3OWvCkENRQImng.jpg,2,0.5,1,0,0.9213886260986328
202104091171398_jpg.rf.FndvsKlppgM6EnumPbok.jpg,1,1.0,0,0,0.9398565292358398
202104091171569_jpg.rf.smngu7dqFmIRQ241a0hX.jpg,1,1.0,0,0,0.9363754391670227
202104091185516_jpg.rf.FVbAcO0n6W7cARVmlBYp.jpg,1,1.0,0,0,0.8767113089561462
202104091187351_jpg.rf.ZHmWibbj93jc4agcJ1SI.jpg,2,0.5,1,0,0.4693824155256152
202104111224738_jpg.rf.p13hv68uNYNclPkQtVOb.jpg,2,0.5,1,0,0.5697141587734222
202104111224745_jpg.rf.ypDP4xRZLnIPGNWU5fLT.jpg,1,1.0,0,0,0.942382276058197
202104111224746_jpg.rf.NnVI8sWYQC8jjj2zB5TV.jpg,1,1.0,0,0,0.9276504516601562
202104111224752_jpg.rf.iFJsrYTbL5WD948iEi3I.jpg,3,0.6666666865348816,1,0,0.6176223161164671
202104111242784_jpg.rf.PcgAPR14Ho7mCuaxvYna.jpg,1,1.0,0,0,0.8747085332870483
202104121258726_jpg.rf.BJbLlwt8olIRXeu27hWw.jpg,1,1.0,0,0,0.9185891151428223
202104121259531_jpg.rf.8p5YaVCKC4e1AGBUXOeY.jpg,1,1.0,0,0,0.8937801718711853
202104121264211_jpg.rf.bPLZM5bHJvHij2pCmSps.jpg,2,1.0,0,0,0.8621566593647003
202104121268333_jpg.rf.dr7e7oY1VWx54v9bFj5I.jpg,1,1.0,0,0,0.9125210046768188
202104121270245_jpg.rf.Kwmz367rawZxAC3XvIvS.jpg,1,1.0,0,0,0.9201717972755432
202104141335165_jpg.rf.pqnIjSm7mMqD3hSZXlhg.jpg,1,1.0,0,0,0.9166536927223206
202104141335170_jpg.rf.i7bk0f0ucP9H7Lc3MpUF.jpg,1,1.0,0,0,0.9014469981193542
202104141335173_jpg.rf.Kzr7OhT17cyxkKqGznqG.jpg,1,1.0,0,0,0.9199402928352356
202104141335281_jpg.rf.0nG1MNoWnIeiAKAgisds.jpg,4,0.5,2,0,0.42181195912417024
202104141335282_jpg.rf.DteOqKmlWaeghV3sQ68B.jpg,4,0.5,2,0,0.3955583421047777
202104141335304_jpg.rf.3SX9aiqHw5NqRifQpkfy.jpg,1,1.0,0,0,0.9470456838607788
202104141345532_jpg.rf.UofQyPG6Z5JoaTCiDTbF.jpg,1,1.0,0,0,0.9225090742111206
202104141353836_jpg.rf.bJ7stKzQhUZTRjEubODh.jpg,1,1.0,0,0,0.9296236038208008
202104141362178_jpg.rf.nXzpLmazNv8ln5ucPByO.jpg,1,1.0,0,0,0.5782920718193054
202104161432578_jpg.rf.y8Vto6hg9MvOW5sdHNRI.jpg,1,1.0,0,0,0.9030048847198486
202104161433145_jpg.rf.MfaiarQ7xV6KO3D1OoR5.jpg,2,1.0,0,0,0.6301031410694122
202104161434627_jpg.rf.yqQRIL5xbn5XIHR48xHh.jpg,1,1.0,0,0,0.9121114611625671
202104161438831_jpg.rf.RIHBUHqMclMqnVFtu2vG.jpg,4,1.0,0,0,0.7848207950592041
202104161459316_jpg.rf.f0hMppVOc7G2qOsEx2Q3.jpg,1,1.0,0,0,0.9120413661003113
202104191536509_jpg.rf.IKJIBEIrNSkUgNzcvFhE.jpg,1,1.0,0,0,0.9205851554870605
202104191536509_jpg.rf.VHESV3jQpJOt8xfGQLAy.jpg,1,1.0,0,0,0.9205732941627502
202104191559129_jpg.rf.oNA09pitYncIWB5fvb3D.jpg,2,1.0,0,0,0.7733772993087769
202104191560405_jpg.rf.7xztvjfyt1UdITEpBAl2.jpg,1,1.0,0,0,0.9106277227401733
202104191566023_jpg.rf.8ejUalPK2mLVesoKQhH3.jpg,1,1.0,0,0,0.9248276948928833
202104201585510_jpg.rf.0Ij3dpB4e0jWQ3ay8hYD.jpg,1,1.0,0,0,0.906387448310852
202104201601259_jpg.rf.gMjTMozn6qKc3RJhsHGo.jpg,1,1.0,0,0,0.9102557897567749
202104201604290_jpg.rf.rLaaOq3g4YauMFEJZEta.jpg,1,1.0,0,0,0.9205379486083984
202104201604579_jpg.rf.0A9YbNbQs5wwb97F1u4C.jpg,1,1.0,0,0,0.9019832611083984
bak-2Btruk-2Bwarna-2Bkuning-2Bmerah-1_jpg.rf.ul3RLYcG3syaReQONs1x.jpg,1,0.0,1,0,0.029309555888175964
bak-2Btruk-2Bwarna-2Bkuning-2Bmerah-3_jpg.rf.gwKMQ2XzaP9fFuUfZ2ik.jpg,1,1.0,0,0,0.8474990129470825
bak-2Btruk-2Bwarna-2Bkuning-2Bmerah-4_jpg.rf.YeMdGarwQ8RYjY4ifkbP.jpg,2,1.0,0,0,0.5951832234859467
Bus-Damri-1_jpg.rf.gm5kTdkPqNvN3EkT6AuO.jpg,1,1.0,0,0,0.9208204746246338
Bus-Damri-2_jpg.rf.55yYIy8dsbwrsmA8Q3Gp.jpg,3,1.0,0,0,0.8313278754552206
Bus-Damri-3_jpg.rf.wrzhOvfFFUcLXQBj2ODh.jpg,1,1.0,0,0,0.9174557328224182
Bus-Damri-4_jpg.rf.Us3mR0EfPuG114bBtose.jpg,2,1.0,0,0,0.7916046380996704
Bus-Damri-6_jpg.rf.CkhPfbNIsEkG6Ctg4vCx.jpg,5,0.4000000059604645,3,0,0.36937565859407184
cutting-sticker-truck-canter-kuning-3_jpg.rf.FMTwSASC7trUedgx75GH.jpg,1,1.0,0,0,0.8938344717025757
cutting-sticker-truck-canter-kuning-4_jpg.rf.fZoJqCj7PCLjSYFraxn1.jpg,1,1.0,0,0,0.8864143490791321
damri-airport-bus-gambir-01_jpg.rf.KpQ3EVhU9rTZTdFpw9yD.jpg,12,0.75,4,1,0.473298506733651
Damri-Royal-Class-71_jpg.rf.hxJDjVsX6bAb07WrrSCP.jpg,6,0.5,3,0,0.3245972172978024
frame_000000_png.rf.HCsOaIhR01tt5lXkGjmr.png,12,1.0,1,1,0.6790779245396455
frame_000108_png.rf.Lz3L2Folzs40RNKc1c2n.png,10,1.0,0,0,0.7517587542533875
frame_000216_png.rf.Oa84EJoLxNktGvTdDiJv.png,13,0.7692307829856873,4,1,0.5310861365384577
frame_000324_png.rf.XKujjsXqsc6h3sQhEpSc.png,8,1.0,2,2,0.5430771224200726
frame_000540_png.rf.o5DDcuPFSLStXSog2jmM.png,20,0.6499999761581421,7,0,0.5404118667138391
frame_000648_png.rf.6JddQS4Ve6GTRsreDh3V.png,12,0.6666666865348816,4,0,0.5728996408676418
frame_000756_png.rf.Bpyve76xfXXapleBwmvl.png,9,1.0,0,0,0.7956097390916612
frame_000972_png.rf.QQzGOoYAW7O42N8Ci1MK.png,4,1.0,0,0,0.7487737089395523
frame_001188_png.rf.6c87dAZWweniUTD5nklJ.png,4,1.0,0,0,0.8426027595996857
frame_001296_png.rf.PoPK7UpUiA9E8gGPE62k.png,6,0.8333333134651184,1,0,0.7634879499673843
frame_001404_png.rf.41v6GpW9HkBYg19SKoqV.png,4,1.25,0,1,0.6533467620611191
frame_001512_png.rf.aDcA0scqlYXH6HKi1yTL.png,10,0.800000011920929,2,0,0.6453892433142755
frame_001728_png.rf.4EFiMDEcAHfNocojsJVP.png,12,0.8333333134651184,2,0,0.5978526566177607
frame_002052_png.rf.6iQ7YtcHog1Rhe3i1J3D.png,14,1.0714285373687744,0,1,0.6916214312825885
frame_002160_png.rf.avpfLRlWCkXHdE4AIMZn.png,15,1.0,2,2,0.5626673181240525
frame_002592_png.rf.XBIVNQTWDXLriRf70TT4.png,14,1.0,0,0,0.6647139021328518
frame_003348_png.rf.FlDsjWXLvJ3q1GS8xeqo.png,10,0.800000011920929,2,0,0.6396140513941646
frame_003564_png.rf.Zy0vT3jvvzwj86mOaMHS.png,10,0.8999999761581421,2,1,0.6220800660550594
frame_003672_png.rf.aKpTz9bJn4xDPlS5Q78n.png,7,0.7142857313156128,2,0,0.6252212481423547
frame_003780_png.rf.pMSOQBYB7d40oRUOvqQg.png,9,0.8888888955116272,2,1,0.56492754738752
frame_003996_png.rf.leh1xBix7xYZq6cpkbhD.png,7,1.2857142686843872,0,2,0.6148277648857662
frame_004104_png.rf.sMkoVf4JAEQkr5YRnh3F.png,7,1.0,0,0,0.8169980815478733
frame_004536_png.rf.LciCyBmiK0O3wfp7ML4c.png,13,0.9230769276618958,1,0,0.6373704041425998
frame_004644_png.rf.3rYqND1IYToE4oeuv3p3.png,13,1.076923131942749,2,3,0.5692611864457527
frame_004752_png.rf.cDzYEXQMGpzZGH48jQCI.png,12,0.9166666865348816,1,0,0.708773830284675
frame_004968_png.rf.9ZBhRtpLhi5ShMS8jQkA.png,7,1.0,1,1,0.6691921332052776
frame_005292_png.rf.oiWCrC2j3lwwL4xigYup.png,7,1.1428571939468384,0,1,0.4637374111584255
gol3_10_jpg.rf.Wff213Nm1Y36wKpqYFdI.jpg,1,1.0,0,0,0.9163640737533569
gol3_12_jpg.rf.Elb3dV8dXqJUvPHRyvOG.jpg,1,1.0,0,0,0.8660882711410522
gol3_13_jpg.rf.EUw4y3CrsU878zH50Nbp.jpg,1,1.0,0,0,0.9224569797515869
gol3_14_jpg.rf.Gw6jCZaUQZtNeq6DeYNe.jpg,1,1.0,0,0,0.8969175815582275
gol3_16_jpg.rf.uNrqUoppmF2Jkpt78Lam.jpg,1,1.0,0,0,0.889759361743927
gol3_17_jpg.rf.L8KC87Pbvg0t4kmGLv9b.jpg,1,1.0,0,0,0.9036999940872192
gol3_18_jpg.rf.x6sXfWvcTvpCueXjS1Ux.jpg,1,1.0,0,0,0.8963419795036316
gol3_19_jpg.rf.iLY7QXuU5RHFkr05q4h3.jpg,2,0.5,1,0,0.4740535393357277
gol3_1_jpg.rf.BlTDS3Afhc5fhlJJjAn6.jpg,1,1.0,0,0,0.9306419491767883
gol3_20_jpg.rf.ZOHsJHWR03xo24yx2sw3.jpg,1,1.0,0,0,0.8847478032112122
gol3_22_jpg.rf.WbY88wJCaGBx54lAL4rv.jpg,1,1.0,0,0,0.925704836845398
gol3_23_jpg.rf.ZjNPBxm0ChJQlhSj9AKO.jpg,1,1.0,0,0,0.8828819990158081
gol3_24_jpg.rf.nAd7Hp22iWX05BXpiRZp.jpg,1,1.0,0,0,0.8949210047721863
gol3_25_jpg.rf.pv1J54QliXYpGzIHcjKO.jpg,1,1.0,0,0,0.9003079533576965
gol3_26_jpg.rf.rQkMGEQx4mWrjI3f9m7F.jpg,1,1.0,0,0,0.9303680062294006
gol3_3_jpg.rf.y3AapdFApIDXyyrKQKFk.jpg,2,0.0,2,0,0.005977696273475885
gol3_4_jpg.rf.3C7ydLSI3451w2IRbkrY.jpg,1,1.0,0,0,0.8864404559135437
gol3_6_jpg.rf.cgrG90Qo8n4BYw3yyuG9.jpg,1,1.0,0,0,0.9159091114997864
gol4_10_jpg.rf.K94f7fV20YKgCbCFsHds.jpg,1,1.0,0,0,0.9250791668891907
gol4_11_jpg.rf.wzFGmgvnB4kpkCrH95WC.jpg,1,1.0,0,0,0.8690941333770752
gol4_12_jpg.rf.t5vohLCFjkaFfxCT9ZwV.jpg,1,1.0,0,0,0.9385879039764404
gol4_13_jpg.rf.dO6vDahW2HIXd3laT1bD.jpg,1,1.0,0,0,0.6041899919509888
gol4_14_jpg.rf.qQ3xSXTO2zk9EWgYwGeS.jpg,1,1.0,0,0,0.8328847885131836
gol4_15_jpg.rf.8zwSCLP0K6Uy5CcMllgX.jpg,1,1.0,0,0,0.9422226548194885
gol4_16_jpg.rf.cxIuE3ej5g6j0SPzjmBX.jpg,1,1.0,0,0,0.8254881501197815
gol4_1_jpg.rf.OQZytCSV5xAim9oUrW1j.jpg,2,1.0,0,0,0.8316371142864227
gol4_2_jpg.rf.IOzTG9InsjWhhCzMw2WQ.jpg,1,1.0,0,0,0.9334399700164795
gol4_3_jpg.rf.isdTfKihT4QL8ljoyLu2.jpg,1,1.0,0,0,0.914025068283081
gol4_6_jpg.rf.vpXqYchUflB3KqvhjDek.jpg,1,1.0,0,0,0.9165017008781433
gol4_7_jpg.rf.b5i1F3mmz5z6oPwGRRxm.jpg,1,1.0,0,0,0.924020528793335
gol4_8_jpg.rf.Pdi3GePz0tFPdV2biMzu.jpg,1,1.0,0,0,0.8779807686805725
gol4_9_jpg.rf.8HgJqCbnb2iBuUfD1v0t.jpg,1,1.0,0,0,0.9218842387199402
hqdefault-1_jpg.rf.nVI3OO3t45dZCSg1NxrU.jpg,1,1.0,0,0,0.9119394421577454
hqdefault-2_jpg.rf.72U7QSPjzsV7qW7nUr6S.jpg,1,1.0,0,0,0.9336447715759277
hqdefault-3_jpg.rf.a7IZcF74H8rV6LzLVbbP.jpg,2,1.0,0,0,0.7912196815013885
hqdefault-3_jpg.rf.K9qyTCKqOkStU3hCaiWD.jpg,1,1.0,0,0,0.8887049555778503
hqdefault-4_jpg.rf.40L9whNUUXhfg5PHS4OG.jpg,2,0.5,1,0,0.4462777301669121
hqdefault-4_jpg.rf.9qirXETxNRUyitHT86ZN.jpg,1,1.0,0,0,0.9304550886154175
hqdefault-6_jpg.rf.IOttvL7nuG6Bvaa4Yhqp.jpg,1,1.0,0,0,0.8819024562835693
IMG-0086_jpg.rf.gjCcTQqn54CM13R6czK4.jpg,1,1.0,0,0,0.9446180462837219
IMG_0013_jpg.rf.qzHnA16jSNuCVrOCKgAK.jpg,1,1.0,0,0,0.9206207394599915
IMG_0111_jpg.rf.ObHNb6ec1dX15FO7LVHb.jpg,1,1.0,0,0,0.9501878619194031
IMG_1166_jpg.rf.bcisv9Jz37jhqjBepTos.jpg,1,1.0,0,0,0.7256227135658264
IMG_5063_jpg.rf.oiswi2dhWpR3CpHFE9PP.jpg,3,1.0,0,0,0.9073415398597717
IMG_5455-1_jpg.rf.L5CPMLJYqcbdr9kpveGT.jpg,1,1.0,0,0,0.8992086052894592
IMG_5455-2_jpg.rf.9ONGNci8v0KQrLDqmktI.jpg,1,1.0,0,0,0.8482755422592163
IMG_5456_jpg.rf.ofxeLiFuGMXe4NPPsdED.jpg,1,1.0,0,0,0.9346194267272949
IMG_5457_jpg.rf.l2eN4fhdP2WVTktxEBXB.jpg,1,1.0,0,0,0.8515281081199646
maxresdefault-12_jpg.rf.rvHZ58shiexRZkzYcNVT.jpg,1,1.0,0,0,0.6684709787368774
maxresdefault-1_jpg.rf.iXGnMaA75VBuMKY8On20.jpg,6,0.5,3,0,0.36894209884727996
maxresdefault-25_jpg.rf.eejUYKYvWRWbxxVjt4E2.jpg,1,1.0,0,0,0.9365074634552002
maxresdefault-3_jpg.rf.KnLdwEzsdyaEOixXXc9f.jpg,2,2.0,0,1,0.6278713941574097
maxresdefault-4_jpg.rf.YJnamVzH7jFBMvy81PS5.jpg,1,1.0,0,0,0.8945963382720947
maxresdefault-9_jpg.rf.dFiC7NY3NlkxNqWxzYOI.jpg,1,1.0,0,0,0.7978147864341736
maxresdefault_jpg.rf.tdup6MA6CTli2Gk7h7k3.jpg,1,1.0,0,0,0.8864420652389526
night-traffic-13_mp4-0000_jpg.rf.Kypxs8OaUMf4kcnbYscO.jpg,13,0.7692307829856873,3,0,0.557232968795758
night-traffic-13_mp4-0001_jpg.rf.SowzM5A1LlhgxylkUYPH.jpg,14,0.7857142686843872,3,0,0.5303381862384933
night-traffic-13_mp4-0002_jpg.rf.lMor2gfPCvD4wMohCfjP.jpg,13,0.7692307829856873,3,0,0.5264853283476371
night-traffic-13_mp4-0003_jpg.rf.ei5J2JAD1VfqgGQEmhui.jpg,14,0.9285714030265808,3,2,0.5100667519228799
night-traffic-13_mp4-0004_jpg.rf.AWx3GqFQ36ursACQc0vJ.jpg,15,0.6000000238418579,6,0,0.5076048376969993
night-traffic-13_mp4-0005_jpg.rf.d9YxIml0pUr4Lbr8s2Xz.jpg,15,0.6666666865348816,5,0,0.5687322938193877
night-traffic-13_mp4-0006_jpg.rf.V9GjmnyBUYZVK2BiqNRT.jpg,15,1.0,2,2,0.5570969079931577
night-traffic-13_mp4-0007_jpg.rf.zuUsxUE5SA3CuoUcOXMX.jpg,15,0.800000011920929,4,1,0.4880514739546925
night-traffic-13_mp4-0008_jpg.rf.QeSzkKj9p7mtKYpgXj2u.jpg,13,0.7692307829856873,3,0,0.6543103427482913
night-traffic-13_mp4-0009_jpg.rf.RWAhr4hWTHuk5xrgWZ7J.jpg,19,0.6315789222717285,8,1,0.4578690800867901
night-traffic-13_mp4-0010_jpg.rf.ZUCAaCZSWbWCinDj9cMK.jpg,15,0.9333333373069763,1,0,0.63577912983795
night-traffic-13_mp4-0011_jpg.rf.uHAnFs9deS6DATE0gIlw.jpg,19,0.7894737124443054,5,1,0.63382301688398
night-traffic-13_mp4-0012_jpg.rf.FOXr7NU3tIA6mnHGB6Rm.jpg,19,0.6315789222717285,7,0,0.5654279956566718
night-traffic-13_mp4-0013_jpg.rf.B6aX9vC8cF9yhUJSpBpq.jpg,19,0.7894737124443054,4,0,0.6119774252939452
night-traffic-13_mp4-0014_jpg.rf.Q7OCiaDM203pDfxNrO0s.jpg,19,0.7894737124443054,4,0,0.628358593248298
night-traffic-13_mp4-0015_jpg.rf.MKGW2KxDFFeM5UxZSmcC.jpg,22,1.0,1,1,0.6669144291769374
night-traffic-13_mp4-0016_jpg.rf.DbcNNvvjzvhX1lAHLDLC.jpg,17,0.8235294222831726,3,0,0.7271085889078677
night-traffic-13_mp4-0017_jpg.rf.d1EQNg18J81iFI8aCAGg.jpg,21,0.9047619104385376,3,1,0.5774287268519401
night-traffic-13_mp4-0018_jpg.rf.gmQrSrNExUlTAQTtWwza.jpg,21,0.8571428656578064,4,1,0.5509620253883657
night-traffic-13_mp4-0019_jpg.rf.HEYwT144CcnBX1u8wtaW.jpg,19,0.6842105388641357,6,0,0.5506672301142115
night-traffic-13_mp4-0020_jpg.rf.NxPRfRpAo3gRST2k7EcC.jpg,18,0.7777777910232544,4,0,0.6278967050214609
night-traffic-13_mp4-0021_jpg.rf.0L0D8VIV4vWUaqgJHGDl.jpg,17,0.6470588445663452,6,0,0.5224400847766768
night-traffic-13_mp4-0022_jpg.rf.QvwtPnMMYOzVR2mu2MEz.jpg,17,0.6470588445663452,6,0,0.4343160109328892
night-traffic-13_mp4-0023_jpg.rf.2olI6pWdBzUebS5SPqMb.jpg,17,0.5882353186607361,7,0,0.47695230900546237
night-traffic-13_mp4-0024_jpg.rf.Ly6HqaPTVKsm1Ig5nEF1.jpg,18,0.5555555820465088,8,0,0.4904586215040278
night-traffic-13_mp4-0025_jpg.rf.lqTndbrw0r6T7c2UbdGr.jpg,11,1.0,1,1,0.6487917493690144
night-traffic-13_mp4-0026_jpg.rf.tzyAD8XNFRXFfntFdI4H.jpg,11,1.0,0,0,0.7277748042886908
night-traffic-13_mp4-0027_jpg.rf.Q9MkflzmSUBs0CWhjxrC.jpg,11,0.8181818127632141,2,0,0.6411993798207153
night-traffic-13_mp4-0028_jpg.rf.NvrTQbbpzJPXUhnvUOrR.jpg,12,0.9166666865348816,3,2,0.4272234438297649
night-traffic-13_mp4-0029_jpg.rf.Rp8KdaNYipMB6F7u1Sln.jpg,13,0.692307710647583,5,1,0.412864293351259
night-traffic-13_mp4-0031_jpg.rf.SWWroTlcz8WT7vuwqvFy.jpg,12,0.6666666865348816,4,0,0.5912982629908418
night-traffic-13_mp4-0032_jpg.rf.cPQ7ZZqlYYZFQTVOHmZG.jpg,12,0.9166666865348816,2,1,0.5957333662293174
night-traffic-13_mp4-0033_jpg.rf.vX8g6TaGzDXW6lKYrR8c.jpg,11,1.0,1,1,0.5831542600962248
night-traffic-5_mp4-0000_jpg.rf.L45NHd3H11YiaKW2oAG7.jpg,5,1.0,1,1,0.5346577614545822
night-traffic-5_mp4-0001_jpg.rf.4EsTpmphhB02ON02Noqz.jpg,14,0.7857142686843872,3,0,0.6128814633596319
night-traffic-5_mp4-0002_jpg.rf.FiY5T9MAf2s0UUmv3sm3.jpg,10,0.800000011920929,2,0,0.6843960231797408
night-traffic-5_mp4-0003_jpg.rf.YmR76XSao4KlZOLfRUSn.jpg,6,1.0,1,1,0.5716905577767951
night-traffic-5_mp4-0004_jpg.rf.VDOTmwlkZCmGCGIgv4ZP.jpg,6,0.8333333134651184,1,0,0.7846613011012474
night-traffic-5_mp4-0005_jpg.rf.v7J2eXGILKdIoSOuUbUj.jpg,5,0.800000011920929,1,0,0.4805527001619339
night-traffic-5_mp4-0006_jpg.rf.CVTRgLfjZccrrE2cNcul.jpg,5,0.800000011920929,1,0,0.5538271624594927
night-traffic-5_mp4-0007_jpg.rf.muDqhdHyb3rYZ0FnVtzo.jpg,10,0.699999988079071,3,0,0.502462781758772
night-traffic-5_mp4-0008_jpg.rf.UQEVDJsZpuoBDJner9Sj.jpg,10,1.100000023841858,1,2,0.5457675872370601
night-traffic-5_mp4-0009_jpg.rf.XPLeMNYndg3E6ekbFALX.jpg,11,0.6363636255264282,5,1,0.4534771842882037
night-traffic-5_mp4-0010_jpg.rf.qHKJsYcFytif7gcpzwzL.jpg,8,0.75,2,0,0.486371685663471
night-traffic-5_mp4-0011_jpg.rf.YRdTmKdWKNq5BBJVbH3Z.jpg,10,0.6000000238418579,4,0,0.4536690838634968
night-traffic-5_mp4-0012_jpg.rf.XFpys4y9TaJPLyC1PB1N.jpg,9,0.5555555820465088,4,0,0.3826219974661298
night-traffic-5_mp4-0013_jpg.rf.Ha2eDwt60XHHhWoiODxr.jpg,10,0.800000011920929,2,0,0.6186373094562441
night-traffic-5_mp4-0014_jpg.rf.xdlJjkgjeKduLSpBoAa0.jpg,12,0.8333333134651184,2,0,0.6442545658598343
night-traffic-5_mp4-0015_jpg.rf.1aTyuPtXCpm2ERsRcjJh.jpg,11,0.9090909361839294,1,0,0.7545108023014936
night-traffic-5_mp4-0017_jpg.rf.9ZdK0DG6p0s8M1HWnhfl.jpg,8,0.875,1,0,0.6030727019533515
night-traffic-5_mp4-0018_jpg.rf.ANSdbYPtxxf3CclecKka.jpg,7,0.4285714328289032,4,0,0.4616315668182714
night-traffic-5_mp4-0020_jpg.rf.XEfmCHnSHJawcxV5khVo.jpg,10,0.800000011920929,2,0,0.4134731777012348
night-traffic-5_mp4-0021_jpg.rf.KQeB6zgKKbSREKaOeiYg.jpg,7,1.0,1,1,0.469756558204868
night-traffic-5_mp4-0022_jpg.rf.4UXeZSqoUhixFud9AdKN.jpg,13,0.7692307829856873,5,2,0.4066164774569468
night-traffic-5_mp4-0023_jpg.rf.iqMnabsXhlBG7Rlmp0nt.jpg,6,0.6666666865348816,2,0,0.5432043243199587
night-traffic-5_mp4-0025_jpg.rf.OLUkYXzkG56AWwp17oRU.jpg,7,0.7142857313156128,2,0,0.5031566630184118
night-traffic-5_mp4-0026_jpg.rf.yUxE84FYDEXnrt0QEgos.jpg,9,1.0,1,1,0.754912707540724
night-traffic-5_mp4-0027_jpg.rf.ci3L3rHwuqNmKfS8gbcr.jpg,15,0.800000011920929,3,0,0.5796577014029026
night-traffic-5_mp4-0028_jpg.rf.WiS4loX9lB4ekbsgjqZ9.jpg,18,0.8333333134651184,4,1,0.5133363579892937
night-traffic-5_mp4-0029_jpg.rf.Kw8LewLGBjj4uw7keaEN.jpg,12,0.8333333134651184,2,0,0.6496424557020267
night-traffic-5_mp4-0030_jpg.rf.sbVDmZxvPpRWXe0UQkni.jpg,5,0.800000011920929,1,0,0.5228157914243639
night-traffic-5_mp4-0031_jpg.rf.Va5K5EFD9hKkWnGEa8L8.jpg,4,0.75,1,0,0.48695884638982534
night-traffic-5_mp4-0032_jpg.rf.69nVEdSLbaB35YzpZG6w.jpg,9,0.4444444477558136,6,1,0.26709786730094087
night-traffic-5_mp4-0033_jpg.rf.2HdPIvYO2MmDmRC37h3v.jpg,11,0.3636363744735718,7,0,0.3271143080862451
night-traffic-5_mp4-0034_jpg.rf.00gadp0O5mEmDzjUH1sR.jpg,8,0.5,4,0,0.44189811748219654
night-traffic-5_mp4-0035_jpg.rf.3iTmssATjKfGNUxIZffm.jpg,8,0.75,3,1,0.4652897907872102
night-traffic-5_mp4-0036_jpg.rf.4nbtSm2ourvCqmuFRgYT.jpg,6,0.6666666865348816,2,0,0.4816829565291603
night-traffic-5_mp4-0037_jpg.rf.LMzYMCj9Ph0R0pYMm1jj.jpg,11,0.6363636255264282,4,0,0.39342866554348305
night-traffic-5_mp4-0038_jpg.rf.wKrNa1nFHKgOdkPCX6Ba.jpg,12,0.5833333134651184,5,0,0.3564240300135377
night-traffic-5_mp4-0040_jpg.rf.QjdD6eCF9Bpxu7Ik0sls.jpg,11,0.8181818127632141,2,0,0.6553004776889627
night-traffic-5_mp4-0041_jpg.rf.D5Ys4f0bFpIUE2fmR628.jpg,9,0.4444444477558136,5,0,0.3613517813565623
night-traffic-5_mp4-0042_jpg.rf.6JF3ITaTKQpNQHl1g6Ci.jpg,6,1.0,0,0,0.8539674381415049
night-traffic-5_mp4-0043_jpg.rf.yKBFioVFBgQdxKsVpF7N.jpg,7,0.8571428656578064,1,0,0.6073892627443586
night-traffic-5_mp4-0044_jpg.rf.Q7niRBDJfqrygeJoKIWC.jpg,12,0.6666666865348816,4,0,0.47644883127544413
night-traffic-5_mp4-0045_jpg.rf.NRmUhc189IchzfZSRZ8w.jpg,10,0.6000000238418579,4,0,0.4511716555804014
night-traffic-5_mp4-0046_jpg.rf.3GmU8OwEpVyQoEWMgiKs.jpg,13,0.7692307829856873,3,0,0.6009220621781424
night-traffic-9_mp4-0000_jpg.rf.ssgq9vf9Wo6hJ1wiuFT1.jpg,14,0.7142857313156128,5,1,0.4764952731784433
night-traffic-9_mp4-0003_jpg.rf.ofG5LcebjiyLvZVi8hjX.jpg,16,0.5625,8,1,0.39847583683440463
night-traffic-9_mp4-0004_jpg.rf.JSefgnA7taeSIUSsxVYq.jpg,16,0.625,7,1,0.38412598532934983
night-traffic-9_mp4-0005_jpg.rf.RIpuehY4BbYwXAVgh4iB.jpg,16,0.75,5,1,0.44208194898237707
night-traffic-9_mp4-0006_jpg.rf.gSJBSDtfpzzWRw4i6IUC.jpg,15,0.7333333492279053,4,0,0.4959571884945035
night-traffic-9_mp4-0007_jpg.rf.g6H6Rwpq68h2oLCJLKcN.jpg,13,0.6153846383094788,5,0,0.4608820863426305
night-traffic-9_mp4-0008_jpg.rf.NPKyflyq82Lx4JUojSlj.jpg,16,0.75,4,0,0.4401623898811522
night-traffic-9_mp4-0009_jpg.rf.r8o9NsJMSYLHVTgoR7zi.jpg,16,0.875,3,1,0.5190926106006373
night-traffic-9_mp4-0010_jpg.rf.Oy3gtQ39vH8XalvRGlM8.jpg,13,0.9230769276618958,3,2,0.38479405426635194
night-traffic-9_mp4-0011_jpg.rf.tj8WKSKSdmOrezLUU9pc.jpg,16,0.75,5,1,0.4418665119446814
night-traffic-9_mp4-0012_jpg.rf.DAuiKi9cYxbcCBmR83B3.jpg,13,0.8461538553237915,3,1,0.4640171075812899
night-traffic-9_mp4-0014_jpg.rf.t8C37McK33aEt8zB9WG6.jpg,18,0.6666666865348816,6,0,0.4369190630192558
night-traffic-9_mp4-0015_jpg.rf.hBS4fXPpdXBKTJX1gy4P.jpg,18,0.8333333134651184,4,1,0.5702057842384366
night-traffic-9_mp4-0016_jpg.rf.WffaHuCEBQMaAKIlnFUM.jpg,21,0.8095238208770752,6,2,0.45600523799103465
night-traffic-9_mp4-0017_jpg.rf.opp7L7SGRLADqikcHaIE.jpg,18,0.7222222089767456,5,0,0.5231007277810326
night-traffic-9_mp4-0018_jpg.rf.q4d5zJFawyHn8T7YUdvl.jpg,13,0.8461538553237915,4,2,0.48580174205394894
night-traffic-9_mp4-0019_jpg.rf.JW88mGIxpVR7RgMhu211.jpg,14,1.0,2,2,0.5051076780904883
night-traffic-9_mp4-0020_jpg.rf.wYvvn7HtrIkUxGHoAFlx.jpg,17,0.7647058963775635,5,1,0.49432321563910914
night-traffic-9_mp4-0021_jpg.rf.KIWYFmuRDCMpwo3ChqHn.jpg,10,1.0,1,1,0.6069573312997818
night-traffic-9_mp4-0022_jpg.rf.52A6GFyT27iK7hLmkAUq.jpg,10,0.8999999761581421,1,0,0.627429997548461
night-traffic-9_mp4-0023_jpg.rf.a3nwlPB88YBKmMXekiAf.jpg,9,0.8888888955116272,1,0,0.7127832430932257
night-traffic-9_mp4-0024_jpg.rf.25Jd57mYfUibXnHbLXaT.jpg,16,0.9375,3,2,0.5080466871440876
night-traffic-9_mp4-0025_jpg.rf.gDOKO2G4eSyk0Z5KnsKv.jpg,14,0.8571428656578064,2,0,0.6531727252794164
night-traffic-9_mp4-0026_jpg.rf.tow9UEz8gcyywG7JNvqA.jpg,16,0.9375,3,2,0.5145604541576176
night-traffic-9_mp4-0027_jpg.rf.BtMgFVuzZm2bWdv6nrPe.jpg,13,0.8461538553237915,2,0,0.5761407995909954
night-traffic-9_mp4-0029_jpg.rf.VGytyxpGQQvL5ZZVCbSa.jpg,21,0.7142857313156128,7,1,0.5295853311603423
night-traffic-9_mp4-0030_jpg.rf.pFkU9qaXR8OW2tka7gWI.jpg,19,0.9473684430122375,2,1,0.6643062250481712
night-traffic-9_mp4-0031_jpg.rf.gsSL3mx6E7pflyIFHnfa.jpg,22,0.8636363744735718,4,1,0.6283150681463833
night-traffic-9_mp4-0032_jpg.rf.cYsr48ymduUOzdYvqR1u.jpg,23,0.739130437374115,7,1,0.44768807254565346
night-traffic-9_mp4-0033_jpg.rf.6rB0OkWS5BIkhpnO7FJc.jpg,22,0.5454545617103577,10,0,0.47845928894960144
night-traffic-9_mp4-0035_jpg.rf.m0sTjfYTCIiHguZKGCWs.jpg,19,1.0,3,3,0.569429138822383
night-traffic-9_mp4-0036_jpg.rf.nL0fKLG3AT0sSlvIqIts.jpg,17,0.7058823704719543,6,1,0.5065328325799783
night-traffic-9_mp4-0037_jpg.rf.EAFEOwl4v6Tn1KHDmydj.jpg,20,0.949999988079071,3,2,0.5754249102779125
night-traffic-9_mp4-0038_jpg.rf.V6EhnMHVOdix93NEbAZa.jpg,15,0.8666666746139526,4,1,0.5648804898596912
night-traffic-9_mp4-0039_jpg.rf.JqSGclmN1hBhbUzLYqQN.jpg,17,0.7647058963775635,5,1,0.4834316266796497
night-traffic-9_mp4-0040_jpg.rf.8nq1GBjvvdGvQKm8b14g.jpg,14,0.7142857313156128,4,0,0.5949052263436337
night-traffic-9_mp4-0041_jpg.rf.UxQ1gTz185AT8lc8PQEO.jpg,15,0.9333333373069763,4,3,0.43148069615043433
night-traffic-9_mp4-0042_jpg.rf.FEmnwweQtpLt3NLpwREp.jpg,16,0.8125,5,1,0.505523372485186
night-traffic-9_mp4-0043_jpg.rf.vrThEIH2SIzCMPuoVpsV.jpg,18,0.8333333134651184,5,2,0.47671030812403736
night-traffic-9_mp4-0044_jpg.rf.S5MXbAIotP5NVTOYqK7q.jpg,22,0.9545454382896423,4,2,0.5038162161230999
night-traffic-9_mp4-0046_jpg.rf.liuVeHIEvcTYiFP3EVNE.jpg,22,0.7727272510528564,5,0,0.511136739596788
night-traffic-9_mp4-0049_jpg.rf.b2c0Usys1rAAsAEJn01u.jpg,27,0.6666666865348816,12,3,0.3198930994929889
night-traffic-9_mp4-0050_jpg.rf.qRkWkMRMFKVpKwjn0ixv.jpg,24,0.7083333134651184,9,2,0.41144829196326266
night-traffic-9_mp4-0052_jpg.rf.36RJR2y8TJpkOLPkRe8e.jpg,25,0.7599999904632568,6,0,0.570545153246106
night-traffic-9_mp4-0053_jpg.rf.mjGnu1T5tXclcrDJpIQ7.jpg,25,0.6399999856948853,9,0,0.4920739494770279
night-traffic-9_mp4-0054_jpg.rf.p4LF0JiFfPHPn7SY9TO8.jpg,27,0.6666666865348816,11,2,0.3342568749839512
night-traffic-9_mp4-0055_jpg.rf.LVKQgpAgG4d3qfupU2tu.jpg,30,0.7666666507720947,8,1,0.5176260730251669
night-traffic-9_mp4-0057_jpg.rf.fgHaIgMjOzHxDZVFid4E.jpg,23,0.695652186870575,7,0,0.4679236890312851
night-traffic-9_mp4-0059_jpg.rf.rsS0AoVjvlcCSNeOqyxp.jpg,18,0.7777777910232544,5,1,0.45775168396272314
night-traffic-9_mp4-0060_jpg.rf.3K1STl2Pc9PkyAMSkg9e.jpg,23,0.695652186870575,8,1,0.47512540039606393
night-traffic-9_mp4-0061_jpg.rf.k6ViM00VjWs6lImBHok7.jpg,22,0.6818181872367859,8,1,0.4354780804631965
night-traffic-9_mp4-0062_jpg.rf.Tt16cTD5KaerhYNSxyvJ.jpg,26,0.7307692170143127,8,1,0.47214012146772194
night-traffic-9_mp4-0063_jpg.rf.tvsPs76aQCw2MHJ6J03N.jpg,24,0.5833333134651184,10,0,0.4510717996970264
Recording 2025-08-25 114243_mp4-0000_jpg.rf.pynkkSKcGrME7DmBaZYw.jpg,10,1.0,2,2,0.5178382262587548
Recording 2025-08-25 114243_mp4-0001_jpg.rf.TB38paSh5wWKceVzYG7s.jpg,7,1.1428571939468384,0,1,0.5943706716809954
Recording 2025-08-25 114243_mp4-0003_jpg.rf.AwD95zR8QUakw2umrpMU.jpg,10,0.8999999761581421,1,0,0.7144906997840735
Recording 2025-08-25 114243_mp4-0004_jpg.rf.b3HizQNGjhuJJvomLRee.jpg,9,1.0,2,1,0.591366682065806
Recording 2025-08-25 114243_mp4-0005_jpg.rf.gBY6TuVozhn7bsfoCr5X.jpg,7,1.4285714626312256,1,3,0.42389020330405663
Recording 2025-08-25 114243_mp4-0006_jpg.rf.iqyTKuBZNShhI71qjdli.jpg,7,0.7142857313156128,3,1,0.30418661682467374
Recording 2025-08-25 114243_mp4-0008_jpg.rf.PfmHzb4vtNuVte1hYIfv.jpg,10,0.800000011920929,2,0,0.615143864764832
Recording 2025-08-25 114243_mp4-0009_jpg.rf.iOjonEtyVF6H8hOfEw6n.jpg,6,0.8333333134651184,1,0,0.7619554189344248
Recording 2025-08-25 114243_mp4-0010_jpg.rf.8Dvpi5jMIE0l2b2QeqGi.jpg,8,0.75,2,0,0.5897453929064795
Recording 2025-08-25 114243_mp4-0011_jpg.rf.9wtUJKWSc79jMMMI784X.jpg,9,1.1111111640930176,1,2,0.6034754518833425
Recording 2025-08-25 114243_mp4-0012_jpg.rf.j4cA3LjRMmwILwBN78iu.jpg,6,1.1666666269302368,0,1,0.6267368396123251
Recording 2025-08-25 114243_mp4-0014_jpg.rf.mEHy31sBGJVWQxHk8UXs.jpg,6,0.8333333134651184,1,0,0.6911787539720535
Recording 2025-08-25 114243_mp4-0015_jpg.rf.w2W1qiV1M3SUHP14P0Lt.jpg,5,0.800000011920929,1,0,0.7298204511404037
Recording 2025-08-25 114243_mp4-0016_jpg.rf.BeAXtpf5KGSaT4YPQwH1.jpg,9,0.7777777910232544,2,0,0.6200200349299444
Recording 2025-08-25 114243_mp4-0017_jpg.rf.uvBBeyXkbFpaxXuvqv4c.jpg,7,1.1428571939468384,0,1,0.6771118087427956
Recording 2025-08-25 114243_mp4-0018_jpg.rf.CGxKjkY5VUlFzq9FDs7A.jpg,6,0.8333333134651184,1,0,0.7192825575669607
Recording 2025-08-25 114243_mp4-0019_jpg.rf.cyCn1eJtAQqHCdG2wY74.jpg,8,0.875,2,1,0.5395161874621408
Recording 2025-08-25 114243_mp4-0020_jpg.rf.K0EgqgdOKcSaeXam6ZA6.jpg,5,0.800000011920929,1,0,0.595761838555336
Recording 2025-08-25 114243_mp4-0021_jpg.rf.H69ydt67TEw8gxxAEknD.jpg,5,0.800000011920929,1,0,0.6508901879191399
Recording 2025-08-25 114243_mp4-0022_jpg.rf.7Ok7Cv4Fgh1J178Lahd5.jpg,6,0.8333333134651184,1,0,0.5809961046325043
Recording 2025-08-25 114243_mp4-0023_jpg.rf.p6LLFMFKy7DWRCfUGVcT.jpg,6,0.6666666865348816,2,0,0.5477659090732535
Recording 2025-08-25 114243_mp4-0024_jpg.rf.mmMZvExEfjCQ62QpyOdP.jpg,1,1.0,0,0,0.8769980669021606
Recording 2025-08-25 114243_mp4-0025_jpg.rf.ua5GAKRLJj1GpqhypGez.jpg,3,0.6666666865348816,2,1,0.28402169918020564
Recording 2025-08-25 114243_mp4-0031_jpg.rf.pYHpiRR2bEEADtmdC4LC.jpg,2,1.0,0,0,0.5493091940879822
Recording 2025-08-25 114243_mp4-0032_jpg.rf.16NC7wQpToOYB9sIwUaZ.jpg,5,0.800000011920929,1,0,0.4202754877507687
Recording 2025-08-25 114243_mp4-0033_jpg.rf.68dpzZ0i7dqKi1rqIXsn.jpg,5,1.0,0,0,0.8156295537948608
Recording 2025-08-25 114243_mp4-0034_jpg.rf.XieaXOBDqCaaeLlAIquv.jpg,5,0.800000011920929,1,0,0.6877511665225029
Recording 2025-08-25 114243_mp4-0035_jpg.rf.esChnOJ27gq38ycPNJRR.jpg,7,0.8571428656578064,1,0,0.534745705979211
Recording 2025-08-25 114243_mp4-0036_jpg.rf.09EHC2NSCZyfsvjz9yy9.jpg,8,0.875,1,0,0.6730746636167169
Recording 2025-08-25 114243_mp4-0042_jpg.rf.uzGEWVw3eTYhxnywCvlX.jpg,8,0.75,2,0,0.6846595243550837
Recording 2025-08-25 114243_mp4-0043_jpg.rf.ZpXhcBIBYUhKNpdVV5JW.jpg,6,0.8333333134651184,1,0,0.7859568024675051
Recording 2025-08-25 114243_mp4-0044_jpg.rf.pJgdCb7z9U6GjqMCS4rF.jpg,6,1.0,0,0,0.8235793014367422
Recording 2025-08-25 114243_mp4-0045_jpg.rf.nM3UG9efSF5S6pYmJll5.jpg,6,1.0,1,1,0.5976280520359675
Recording 2025-08-25 114243_mp4-0046_jpg.rf.CeBCAtfB3WujKHspDIqU.jpg,4,0.75,1,0,0.5383554063737392
Recording 2025-08-25 114243_mp4-0047_jpg.rf.qax7Qdt4KHZ78r6A1Uri.jpg,6,0.8333333134651184,1,0,0.6917334720492363
Recording 2025-08-25 114243_mp4-0048_jpg.rf.4y2eiO2dB1BquhEzq3Hi.jpg,7,0.4285714328289032,4,0,0.4112622250802815
Recording 2025-08-25 114243_mp4-0049_jpg.rf.Qfl9pm3XZQdwM7bHx2KM.jpg,5,0.800000011920929,1,0,0.6651831363138626
