variant,class,dim,stratum,n_gt,AP50,AP50_95
V1,big-vehicle,global,all,331,0.8076,0.6451
V1,car,global,all,411,0.8301,0.6066
V1,pedestrian,global,all,638,0.7553,0.4285
V1,two-wheeler,global,all,702,0.7026,0.4210
V1,big-vehicle,size,small,17,0.3287,0.2134
V1,car,size,small,160,0.7076,0.4811
V1,pedestrian,size,small,257,0.6799,0.3672
V1,two-wheeler,size,small,489,0.6826,0.3868
V1,big-vehicle,size,medium,123,0.6346,0.4486
V1,car,size,medium,215,0.8856,0.6727
V1,pedestrian,size,medium,380,0.8067,0.4744
V1,two-wheeler,size,medium,212,0.7620,0.5085
V1,big-vehicle,size,large,191,0.9386,0.7960
V1,car,size,large,36,0.9709,0.7614
V1,pedestrian,size,large,1,0.9901,0.6436
V1,two-wheeler,size,large,1,0.4950,0.3960
V1,big-vehicle,occlusion,no,302,0.8050,0.6486
V1,car,occlusion,no,372,0.8267,0.6101
V1,pedestrian,occlusion,no,473,0.7494,0.4259
V1,two-wheeler,occlusion,no,636,0.7123,0.4307
V1,big-vehicle,occlusion,partial,27,0.6195,0.3990
V1,car,occlusion,partial,39,0.4844,0.2908
V1,pedestrian,occlusion,partial,163,0.4751,0.2336
V1,two-wheeler,occlusion,partial,66,0.1780,0.0712
V1,big-vehicle,occlusion,heavy,2,0.4951,0.2475
V1,car,occlusion,heavy,0,nan,nan
V1,pedestrian,occlusion,heavy,2,0.0154,0.0064
V1,two-wheeler,occlusion,heavy,0,nan,nan
V1,big-vehicle,density,sparse,260,0.8716,0.7174
V1,car,density,sparse,137,0.8496,0.6687
V1,pedestrian,density,sparse,21,0.7491,0.5190
V1,two-wheeler,density,sparse,228,0.7808,0.5077
V1,big-vehicle,density,medium,70,0.5910,0.3902
V1,car,density,medium,263,0.8337,0.5895
V1,pedestrian,density,medium,540,0.7635,0.4296
V1,two-wheeler,density,medium,453,0.6701,0.3836
V1,big-vehicle,density,dense,1,0.0000,0.0000
V1,car,density,dense,11,0.7833,0.4969
V1,pedestrian,density,dense,77,0.7259,0.4270
V1,two-wheeler,density,dense,21,0.6208,0.4148
V2,big-vehicle,global,all,331,0.7932,0.6288
V2,car,global,all,411,0.7948,0.5824
V2,pedestrian,global,all,638,0.7370,0.4289
V2,two-wheeler,global,all,702,0.6757,0.3932
V2,big-vehicle,size,small,17,0.2314,0.1720
V2,car,size,small,160,0.6441,0.4390
V2,pedestrian,size,small,257,0.6078,0.3495
V2,two-wheeler,size,small,489,0.6293,0.3470
V2,big-vehicle,size,medium,123,0.5739,0.3516
V2,car,size,medium,215,0.8699,0.6636
V2,pedestrian,size,medium,380,0.8386,0.4987
V2,two-wheeler,size,medium,212,0.7664,0.4955
V2,big-vehicle,size,large,191,0.9483,0.8201
V2,car,size,large,36,0.9673,0.7784
V2,pedestrian,size,large,1,0.9901,0.6231
V2,two-wheeler,size,large,1,0.9901,0.7921
V2,big-vehicle,occlusion,no,302,0.7893,0.6335
V2,car,occlusion,no,372,0.7864,0.5800
V2,pedestrian,occlusion,no,473,0.7247,0.4223
V2,two-wheeler,occlusion,no,636,0.6863,0.4060
V2,big-vehicle,occlusion,partial,27,0.5565,0.3292
V2,car,occlusion,partial,39,0.5213,0.3175
V2,pedestrian,occlusion,partial,163,0.4582,0.2174
V2,two-wheeler,occlusion,partial,66,0.1548,0.0644
V2,big-vehicle,occlusion,heavy,2,0.0172,0.0083
V2,car,occlusion,heavy,0,nan,nan
V2,pedestrian,occlusion,heavy,2,0.0063,0.0023
V2,two-wheeler,occlusion,heavy,0,nan,nan
V2,big-vehicle,density,sparse,260,0.8740,0.7283
V2,car,density,sparse,137,0.8144,0.6387
V2,pedestrian,density,sparse,21,0.6808,0.4649
V2,two-wheeler,density,sparse,228,0.7989,0.5076
V2,big-vehicle,density,medium,70,0.4758,0.2526
V2,car,density,medium,263,0.7996,0.5658
V2,pedestrian,density,medium,540,0.7531,0.4419
V2,two-wheeler,density,medium,453,0.6168,0.3415
V2,big-vehicle,density,dense,1,0.0000,0.0000
V2,car,density,dense,11,0.6956,0.4862
V2,pedestrian,density,dense,77,0.6966,0.3766
V2,two-wheeler,density,dense,21,0.6650,0.3937
V3,big-vehicle,global,all,331,0.8185,0.6509
V3,car,global,all,411,0.8199,0.6080
V3,pedestrian,global,all,638,0.8020,0.4755
V3,two-wheeler,global,all,702,0.6182,0.3625
V3,big-vehicle,size,small,17,0.5377,0.3225
V3,car,size,small,160,0.6766,0.4589
V3,pedestrian,size,small,257,0.6927,0.3955
V3,two-wheeler,size,small,489,0.6095,0.3376
V3,big-vehicle,size,medium,123,0.6419,0.4365
V3,car,size,medium,215,0.8903,0.6937
V3,pedestrian,size,medium,380,0.8770,0.5373
V3,two-wheeler,size,medium,212,0.6491,0.4326
V3,big-vehicle,size,large,191,0.9353,0.7981
V3,car,size,large,36,0.9658,0.7551
V3,pedestrian,size,large,1,0.9901,0.7921
V3,two-wheeler,size,large,1,0.9901,0.4703
V3,big-vehicle,occlusion,no,302,0.8203,0.6565
V3,car,occlusion,no,372,0.8157,0.6088
V3,pedestrian,occlusion,no,473,0.7897,0.4691
V3,two-wheeler,occlusion,no,636,0.6211,0.3668
V3,big-vehicle,occlusion,partial,27,0.5204,0.3475
V3,car,occlusion,partial,39,0.4901,0.3105
V3,pedestrian,occlusion,partial,163,0.5628,0.2865
V3,two-wheeler,occlusion,partial,66,0.1728,0.0854
V3,big-vehicle,occlusion,heavy,2,0.0655,0.0291
V3,car,occlusion,heavy,0,nan,nan
V3,pedestrian,occlusion,heavy,2,0.0360,0.0162
V3,two-wheeler,occlusion,heavy,0,nan,nan
V3,big-vehicle,density,sparse,260,0.9038,0.7359
V3,car,density,sparse,137,0.8330,0.6378
V3,pedestrian,density,sparse,21,0.6493,0.4161
V3,two-wheeler,density,sparse,228,0.7004,0.4418
V3,big-vehicle,density,medium,70,0.5306,0.3535
V3,car,density,medium,263,0.8286,0.6077
V3,pedestrian,density,medium,540,0.8143,0.4864
V3,two-wheeler,density,medium,453,0.5858,0.3283
V3,big-vehicle,density,dense,1,0.0660,0.0528
V3,car,density,dense,11,0.7613,0.5460
V3,pedestrian,density,dense,77,0.7954,0.4615
V3,two-wheeler,density,dense,21,0.4348,0.3062
V4,big-vehicle,global,all,331,0.8024,0.6325
V4,car,global,all,411,0.8295,0.6111
V4,pedestrian,global,all,638,0.7793,0.4762
V4,two-wheeler,global,all,702,0.6482,0.3716
V4,big-vehicle,size,small,17,0.5114,0.3374
V4,car,size,small,160,0.7405,0.5094
V4,pedestrian,size,small,257,0.6551,0.3618
V4,two-wheeler,size,small,489,0.6470,0.3613
V4,big-vehicle,size,medium,123,0.5938,0.3961
V4,car,size,medium,215,0.8804,0.6650
V4,pedestrian,size,medium,380,0.8596,0.5567
V4,two-wheeler,size,medium,212,0.7060,0.4385
V4,big-vehicle,size,large,191,0.9449,0.8080
V4,car,size,large,36,0.9224,0.8021
V4,pedestrian,size,large,1,0.9901,0.7968
V4,two-wheeler,size,large,1,0.9901,0.8911
V4,big-vehicle,occlusion,no,302,0.7955,0.6294
V4,car,occlusion,no,372,0.8231,0.6135
V4,pedestrian,occlusion,no,473,0.7943,0.4929
V4,two-wheeler,occlusion,no,636,0.6579,0.3800
V4,big-vehicle,occlusion,partial,27,0.6657,0.4397
V4,car,occlusion,partial,39,0.4318,0.2529
V4,pedestrian,occlusion,partial,163,0.4519,0.2114
V4,two-wheeler,occlusion,partial,66,0.1033,0.0412
V4,big-vehicle,occlusion,heavy,2,0.2476,0.0817
V4,car,occlusion,heavy,0,nan,nan
V4,pedestrian,occlusion,heavy,2,0.0138,0.0069
V4,two-wheeler,occlusion,heavy,0,nan,nan
V4,big-vehicle,density,sparse,260,0.8936,0.7178
V4,car,density,sparse,137,0.8454,0.6721
V4,pedestrian,density,sparse,21,0.6910,0.4995
V4,two-wheeler,density,sparse,228,0.7286,0.4492
V4,big-vehicle,density,medium,70,0.4790,0.3280
V4,car,density,medium,263,0.8271,0.5909
V4,pedestrian,density,medium,540,0.8036,0.4953
V4,two-wheeler,density,medium,453,0.6125,0.3386
V4,big-vehicle,density,dense,1,0.0000,0.0000
V4,car,density,dense,11,0.6813,0.4417
V4,pedestrian,density,dense,77,0.6832,0.3819
V4,two-wheeler,density,dense,21,0.6276,0.3825
V5,big-vehicle,global,all,331,0.7956,0.6400
V5,car,global,all,411,0.7951,0.5783
V5,pedestrian,global,all,638,0.7419,0.4505
V5,two-wheeler,global,all,702,0.7093,0.3964
V5,big-vehicle,size,small,17,0.3428,0.2312
V5,car,size,small,160,0.6838,0.4437
V5,pedestrian,size,small,257,0.6435,0.3760
V5,two-wheeler,size,small,489,0.6532,0.3314
V5,big-vehicle,size,medium,123,0.5702,0.4088
V5,car,size,medium,215,0.8451,0.6342
V5,pedestrian,size,medium,380,0.8161,0.5090
V5,two-wheeler,size,medium,212,0.8386,0.5419
V5,big-vehicle,size,large,191,0.9482,0.7989
V5,car,size,large,36,0.9352,0.8183
V5,pedestrian,size,large,1,0.9901,0.6931
V5,two-wheeler,size,large,1,0.9901,0.8911
V5,big-vehicle,occlusion,no,302,0.7978,0.6455
V5,car,occlusion,no,372,0.7915,0.5821
V5,pedestrian,occlusion,no,473,0.7396,0.4545
V5,two-wheeler,occlusion,no,636,0.7163,0.4023
V5,big-vehicle,occlusion,partial,27,0.4357,0.2649
V5,car,occlusion,partial,39,0.4320,0.2540
V5,pedestrian,occlusion,partial,163,0.3823,0.1916
V5,two-wheeler,occlusion,partial,66,0.1828,0.0837
V5,big-vehicle,occlusion,heavy,2,0.4951,0.1403
V5,car,occlusion,heavy,0,nan,nan
V5,pedestrian,occlusion,heavy,2,0.0108,0.0056
V5,two-wheeler,occlusion,heavy,0,nan,nan
V5,big-vehicle,density,sparse,260,0.8756,0.7155
V5,car,density,sparse,137,0.7956,0.6280
V5,pedestrian,density,sparse,21,0.4698,0.3063
V5,two-wheeler,density,sparse,228,0.7526,0.4632
V5,big-vehicle,density,medium,70,0.5071,0.3690
V5,car,density,medium,263,0.8122,0.5661
V5,pedestrian,density,medium,540,0.7589,0.4608
V5,two-wheeler,density,medium,453,0.6920,0.3695
V5,big-vehicle,density,dense,1,0.0000,0.0000
V5,car,density,dense,11,0.7614,0.4687
V5,pedestrian,density,dense,77,0.7604,0.4800
V5,two-wheeler,density,dense,21,0.6796,0.4043
V6,big-vehicle,global,all,331,0.7478,0.6410
V6,car,global,all,411,0.7452,0.5759
V6,pedestrian,global,all,638,0.7342,0.4418
V6,two-wheeler,global,all,702,0.6331,0.3850
V6,big-vehicle,size,small,17,0.3406,0.2397
V6,car,size,small,160,0.6301,0.4425
V6,pedestrian,size,small,257,0.6842,0.4020
V6,two-wheeler,size,small,489,0.5732,0.3282
V6,big-vehicle,size,medium,123,0.4211,0.3329
V6,car,size,medium,215,0.8305,0.6782
V6,pedestrian,size,medium,380,0.7887,0.4900
V6,two-wheeler,size,medium,212,0.7690,0.5227
V6,big-vehicle,size,large,191,0.9501,0.8447
V6,car,size,large,36,0.8889,0.7554
V6,pedestrian,size,large,1,0.9901,0.7921
V6,two-wheeler,size,large,1,0.4950,0.1521
V6,big-vehicle,occlusion,no,302,0.7584,0.6528
V6,car,occlusion,no,372,0.7441,0.5799
V6,pedestrian,occlusion,no,473,0.7237,0.4324
V6,two-wheeler,occlusion,no,636,0.6444,0.3924
V6,big-vehicle,occlusion,partial,27,0.3400,0.2252
V6,car,occlusion,partial,39,0.3346,0.2258
V6,pedestrian,occlusion,partial,163,0.4333,0.2235
V6,two-wheeler,occlusion,partial,66,0.0793,0.0363
V6,big-vehicle,occlusion,heavy,2,0.0185,0.0080
V6,car,occlusion,heavy,0,nan,nan
V6,pedestrian,occlusion,heavy,2,0.0190,0.0098
V6,two-wheeler,occlusion,heavy,0,nan,nan
V6,big-vehicle,density,sparse,260,0.8650,0.7482
V6,car,density,sparse,137,0.7367,0.6013
V6,pedestrian,density,sparse,21,0.6698,0.4828
V6,two-wheeler,density,sparse,228,0.6796,0.4284
V6,big-vehicle,density,medium,70,0.2992,0.2345
V6,car,density,medium,263,0.7722,0.5821
V6,pedestrian,density,medium,540,0.7485,0.4527
V6,two-wheeler,density,medium,453,0.6131,0.3654
V6,big-vehicle,density,dense,1,0.0000,0.0000
V6,car,density,dense,11,0.7358,0.5213
V6,pedestrian,density,dense,77,0.6977,0.3912
V6,two-wheeler,density,dense,21,0.6745,0.4963
V7,big-vehicle,global,all,331,0.7655,0.6231
V7,car,global,all,411,0.7619,0.5330
V7,pedestrian,global,all,638,0.7974,0.5030
V7,two-wheeler,global,all,702,0.6748,0.4036
V7,big-vehicle,size,small,17,0.3065,0.1993
V7,car,size,small,160,0.6258,0.4317
V7,pedestrian,size,small,257,0.6893,0.3940
V7,two-wheeler,size,small,489,0.6418,0.3692
V7,big-vehicle,size,medium,123,0.6014,0.4259
V7,car,size,medium,215,0.8199,0.5702
V7,pedestrian,size,medium,380,0.8689,0.5796
V7,two-wheeler,size,medium,212,0.7647,0.4938
V7,big-vehicle,size,large,191,0.9309,0.8001
V7,car,size,large,36,0.9545,0.7610
V7,pedestrian,size,large,1,0.9901,0.8911
V7,two-wheeler,size,large,1,0.4950,0.3161
V7,big-vehicle,occlusion,no,302,0.7708,0.6294
V7,car,occlusion,no,372,0.7489,0.5293
V7,pedestrian,occlusion,no,473,0.7991,0.5074
V7,two-wheeler,occlusion,no,636,0.6708,0.4048
V7,big-vehicle,occlusion,partial,27,0.4824,0.3340
V7,car,occlusion,partial,39,0.4652,0.2575
V7,pedestrian,occlusion,partial,163,0.5090,0.2754
V7,two-wheeler,occlusion,partial,66,0.2725,0.1313
V7,big-vehicle,occlusion,heavy,2,0.0110,0.0052
V7,car,occlusion,heavy,0,nan,nan
V7,pedestrian,occlusion,heavy,2,0.0251,0.0136
V7,two-wheeler,occlusion,heavy,0,nan,nan
V7,big-vehicle,density,sparse,260,0.8830,0.7341
V7,car,density,sparse,137,0.7827,0.5878
V7,pedestrian,density,sparse,21,0.6229,0.4653
V7,two-wheeler,density,sparse,228,0.7366,0.4639
V7,big-vehicle,density,medium,70,0.2583,0.1790
V7,car,density,medium,263,0.7589,0.5141
V7,pedestrian,density,medium,540,0.8123,0.5127
V7,two-wheeler,density,medium,453,0.6510,0.3808
V7,big-vehicle,density,dense,1,0.0450,0.0109
V7,car,density,dense,11,0.7617,0.5022
V7,pedestrian,density,dense,77,0.7810,0.4867
V7,two-wheeler,density,dense,21,0.5499,0.3556
V8,big-vehicle,global,all,331,0.8318,0.6501
V8,car,global,all,411,0.8491,0.6304
V8,pedestrian,global,all,638,0.7878,0.4765
V8,two-wheeler,global,all,702,0.6724,0.3925
V8,big-vehicle,size,small,17,0.6903,0.3898
V8,car,size,small,160,0.7391,0.5077
V8,pedestrian,size,small,257,0.6775,0.3691
V8,two-wheeler,size,small,489,0.6635,0.3668
V8,big-vehicle,size,medium,123,0.6386,0.4237
V8,car,size,medium,215,0.8999,0.6945
V8,pedestrian,size,medium,380,0.8655,0.5555
V8,two-wheeler,size,medium,212,0.7221,0.4666
V8,big-vehicle,size,large,191,0.9558,0.8164
V8,car,size,large,36,0.9602,0.7954
V8,pedestrian,size,large,1,0.9901,0.8911
V8,two-wheeler,size,large,1,0.9901,0.3960
V8,big-vehicle,occlusion,no,302,0.8307,0.6531
V8,car,occlusion,no,372,0.8405,0.6296
V8,pedestrian,occlusion,no,473,0.7839,0.4828
V8,two-wheeler,occlusion,no,636,0.6809,0.3981
V8,big-vehicle,occlusion,partial,27,0.5065,0.3304
V8,car,occlusion,partial,39,0.6498,0.3835
V8,pedestrian,occlusion,partial,163,0.5235,0.2579
V8,two-wheeler,occlusion,partial,66,0.1769,0.0849
V8,big-vehicle,occlusion,heavy,2,0.1652,0.0826
V8,car,occlusion,heavy,0,nan,nan
V8,pedestrian,occlusion,heavy,2,0.0396,0.0162
V8,two-wheeler,occlusion,heavy,0,nan,nan
V8,big-vehicle,density,sparse,260,0.9042,0.7276
V8,car,density,sparse,137,0.8425,0.6652
V8,pedestrian,density,sparse,21,0.6729,0.5052
V8,two-wheeler,density,sparse,228,0.7587,0.4789
V8,big-vehicle,density,medium,70,0.5306,0.3423
V8,car,density,medium,263,0.8524,0.6192
V8,pedestrian,density,medium,540,0.8078,0.4899
V8,two-wheeler,density,medium,453,0.6350,0.3534
V8,big-vehicle,density,dense,1,0.0900,0.0360
V8,car,density,dense,11,0.9351,0.6004
V8,pedestrian,density,dense,77,0.7117,0.4139
V8,two-wheeler,density,dense,21,0.6267,0.4194
