klaster_id,ukuran_klaster,split,berkas
0,177,train,frame_000000_png.rf.xtqVE7sTOWfvLFjxsB3D.jpg
0,177,train,frame_000020_png.rf.5mkM41sdrkVBctW3daqe.jpg
0,177,train,frame_000040_png.rf.PjwpjQrCYTwf26lfgMT2.jpg
0,177,train,frame_000060_png.rf.aSSTwA99SYHGSgytNxam.jpg
0,177,train,frame_000080_png.rf.UFFqTIz5VwxBCqYEA3hB.jpg
0,177,train,frame_000100_png.rf.YEUXwzISBP5VWQyxDzcV.jpg
0,177,train,frame_000120_png.rf.THIkBS8OEKBsdjPihdrE.jpg
0,177,train,frame_000140_png.rf.Fzn54Wra1S6XMjcsuX5a.jpg
0,177,train,frame_000160_png.rf.kzd2Zubh2wtFOeY1J0dn.jpg
0,177,train,frame_000180_png.rf.a54iAb8bh6LA3gjRMpiH.jpg
0,177,train,frame_000200_png.rf.p6pJ341qFrMOCPdv8I8C.jpg
0,177,train,frame_000220_png.rf.YdUJaxS23twP79QwgqLJ.jpg
0,177,train,frame_000240_png.rf.AaUnpyAoi5NJrvNM29XD.jpg
0,177,train,frame_000260_png.rf.NZ1U03VENTGKoTluNgsu.jpg
0,177,train,frame_000280_png.rf.DpBiCDi1dfTPFGkGdtV5.jpg
0,177,train,frame_000300_png.rf.P8eVjcQMVAXWa4OwAgzj.jpg
0,177,train,frame_000320_png.rf.SVswEHPPQvmMY83SmbAE.jpg
0,177,train,frame_000340_png.rf.UozJMIolyTcyB9Y08Q6o.jpg
0,177,train,frame_000360_png.rf.4ZeMhsl0nkHQVHPZ5Ikx.jpg
0,177,train,frame_000380_png.rf.bbt5XgP44OS4ynYCYabk.jpg
0,177,train,frame_000400_png.rf.0DtvDArjsrk6vmA0uErw.jpg
0,177,train,frame_000420_png.rf.fTLWMf80Qifp6UmtYvUK.jpg
0,177,train,frame_000440_png.rf.GV5CIZfLtnaTOypcNDlM.jpg
0,177,train,frame_000460_png.rf.QgYElsIjOCzExK078OVP.jpg
0,177,train,frame_000480_png.rf.1KXC0wS1OYznlRA3eS0Z.jpg
0,177,train,frame_000500_png.rf.NsdnZ5OGuIByBZ6ZYQXX.jpg
0,177,train,frame_000520_png.rf.yIolLS22uIFR8DLoGcX8.jpg
0,177,train,frame_000540_png.rf.wMjM4YC4yEu8nW2GTE3q.jpg
0,177,train,frame_000560_png.rf.qQUEm43rsVTHeTop8bPP.jpg
0,177,train,frame_000580_png.rf.GpcX5ROaR8RbGmLiOe7N.jpg
0,177,train,frame_000600_png.rf.5mrXO2xVzKVBkb2vPFZE.jpg
0,177,train,frame_000620_png.rf.itH6N29Q4RcOOa0BP5MQ.jpg
0,177,train,frame_000640_png.rf.oTzzl9RBvlam3rRq2Dpr.jpg
0,177,train,frame_000660_png.rf.GSj9CHIRicrzL9vTdoQ7.jpg
0,177,train,frame_000680_png.rf.PPx8KI8o4ejS5QB5eZG5.jpg
0,177,train,frame_000700_png.rf.V5jOJGNaGt33THtojsM9.jpg
0,177,train,frame_000720_png.rf.2fwPXMTNspv0Y6h9jgMt.jpg
0,177,train,frame_000740_png.rf.te7ATosrGKhJ0fSVfjH2.jpg
0,177,train,frame_000760_png.rf.CyyZmxpFBPP816Au76sW.jpg
0,177,train,frame_000780_png.rf.WZPbBxgbN78Z5m3uZHiX.jpg
0,177,train,frame_000800_png.rf.Ijbb9dYjrrFRFj8PkYSU.jpg
0,177,train,frame_000820_png.rf.kstuPQkqPZZvfeHvWb3e.jpg
0,177,train,frame_000840_png.rf.PSbCJm7js6jdgAvbT0Sl.jpg
0,177,train,frame_000860_png.rf.PEz83dup8cPed5gsouop.jpg
0,177,train,frame_000880_png.rf.T2xpcaisZStufQmdAB3b.jpg
0,177,train,frame_000900_png.rf.0PmtRKSL0CewBv1NoKoy.jpg
0,177,train,frame_000920_png.rf.J6RoXlyw2slOHNP0Uaaq.jpg
0,177,train,frame_000940_png.rf.7dPNw5LstVIWUmxx756I.jpg
0,177,train,frame_000960_png.rf.B8hU1lMxeMrKFwchP6v7.jpg
0,177,train,frame_000980_png.rf.dBHn8ayetl3BVbERLxrM.jpg
0,177,train,frame_001000_png.rf.YDEsdnhJN0bgRWultLdh.jpg
0,177,train,frame_001020_png.rf.yCqC1gPhLHBrqI1PGqS7.jpg
0,177,train,frame_001040_png.rf.vZEeos6w69H7ojnh48Lh.jpg
0,177,train,frame_001060_png.rf.TzGRSgTmdwEK0iLn4AT2.jpg
0,177,train,frame_001080_png.rf.4IRad7ulK4gkbzTAW8aY.jpg
0,177,train,frame_001100_png.rf.xjTCv1H91JBezDVy7Hft.jpg
0,177,train,frame_001120_png.rf.kXpAqrf0mMmVSxYPoNBt.jpg
0,177,train,frame_001140_png.rf.AN3HnKHngy7bJvGoQ79C.jpg
0,177,train,frame_001160_png.rf.rG7xz5KWaYk2ne8z0Bud.jpg
0,177,train,frame_001180_png.rf.UKHS9VJv0tfEkK9DWoxE.jpg
0,177,train,frame_001200_png.rf.wz0wcNmOu31KNDG3MuPz.jpg
0,177,train,frame_001220_png.rf.hzGtvJ6SXEYhzAfQFrnl.jpg
0,177,train,frame_001240_png.rf.BfoH4ni9DFbESI9UGdCY.jpg
0,177,train,frame_001260_png.rf.llCvrICcjJA34yOdcFFU.jpg
0,177,train,frame_001280_png.rf.eyVtFf1J9OocyROrK3dk.jpg
0,177,train,frame_001300_png.rf.3VphiSFaGlyCaCPJQQiU.jpg
0,177,train,frame_001320_png.rf.KfkghgcefZ10qMEERDxs.jpg
0,177,train,frame_001340_png.rf.YllGX6ATt7pxlZMgPH3B.jpg
0,177,train,frame_001360_png.rf.Y2WdQ9rcfKedvyyaSTlN.jpg
0,177,train,frame_001380_png.rf.rEVRwIWlaxVQyORcKYal.jpg
0,177,train,frame_001400_png.rf.7RZFaPpJiGzc2rk3hdfh.jpg
0,177,train,frame_001420_png.rf.42DUlct48DeOrPiC3j16.jpg
0,177,train,frame_001440_png.rf.SSqPphKt9cEjdknx1MXo.jpg
0,177,train,frame_001460_png.rf.1cSKEw9GXv4x8Ff1lKBJ.jpg
0,177,train,frame_001480_png.rf.yet9q4cUH0mcQy7NbLow.jpg
0,177,train,frame_001500_png.rf.rfSZXTJrsZ5CRk60oAZh.jpg
0,177,train,frame_001520_png.rf.SUtpceuIV9M3ckHQr4bY.jpg
0,177,train,frame_001540_png.rf.RnNWzVPHR3zsuqHbK6mA.jpg
0,177,train,frame_001560_png.rf.OWpqC6KU2YEHc8eJrQGO.jpg
0,177,train,frame_001580_png.rf.kvZBJoZHD0c0IDTsxtrj.jpg
0,177,train,frame_001600_png.rf.gpPs0zafbm20BnyjEE4M.jpg
0,177,train,frame_001620_png.rf.bteMb3cJ0Va3evawt6W0.jpg
0,177,train,frame_001640_png.rf.IFWp8ozWfBT55QWmhqxM.jpg
0,177,train,frame_001660_png.rf.tbsaW4LJWbItPkg6s7pT.jpg
0,177,train,frame_001680_png.rf.yOEO8CZ82NaOwR5AA5Of.jpg
0,177,train,frame_001700_png.rf.vXZyyJoJK5WY5Xx1OeA7.jpg
0,177,train,frame_001720_png.rf.hDNEg1lahd78qxrFgubM.jpg
0,177,train,frame_001740_png.rf.6ObBEBz8npC0q04B8fuB.jpg
0,177,train,frame_001760_png.rf.WYpzY2UBv3exS9SEVumZ.jpg
0,177,train,frame_001780_png.rf.d3FcJ7iKWqZiVg0JSQ1p.jpg
0,177,train,frame_001800_png.rf.JiKMwd4QP4lwf0cNIpv0.jpg
0,177,train,frame_001820_png.rf.4xnCUKbvbbfChzgNBewW.jpg
0,177,train,frame_001840_png.rf.ZWhTVS8Db1wkO829QXCn.jpg
0,177,train,frame_001860_png.rf.NJG8UYB49IxhjQvdqcrv.jpg
0,177,train,frame_001880_png.rf.Fb3KaadjEzZ5cvEx8MaI.jpg
0,177,train,frame_001900_png.rf.6rXYyO4ymMpIIpxrin4E.jpg
0,177,train,frame_001920_png.rf.b5CGtG58HaKP8tmx9rBh.jpg
0,177,train,frame_001940_png.rf.5BPk8zuR8OpVNrKh1iQm.jpg
0,177,train,frame_001960_png.rf.23ixr9zdPKaIkeRZeY2T.jpg
0,177,train,frame_001980_png.rf.g3a9j6wZPegu5n9CE7yQ.jpg
0,177,train,frame_002000_png.rf.1RVa7gHjRHDIlqNUOy8e.jpg
0,177,train,frame_002020_png.rf.8wvLk06IMAiPrr55qOPK.jpg
0,177,train,frame_002040_png.rf.xIV1S6DwJRlQqGnfNwo8.jpg
0,177,train,frame_002060_png.rf.J0AarGYhdYXnlL8Q5nvY.jpg
0,177,train,frame_002080_png.rf.DleqS1DIX4vk7bAgpu9E.jpg
0,177,train,frame_002100_png.rf.vG65ZqOzjl9RSkZybiRX.jpg
0,177,train,frame_002120_png.rf.RcDyEbfoyHis1pO7LpMr.jpg
0,177,train,frame_002140_png.rf.bkvykzwdaYnT549y9thj.jpg
0,177,train,frame_002160_png.rf.O51IDSWeIbSxopbH5V9U.jpg
0,177,train,frame_002180_png.rf.fXZI6dnTsucMbesroc50.jpg
0,177,train,frame_002200_png.rf.tSoCNuhz5XGHgFpx7lOp.jpg
0,177,train,frame_002220_png.rf.stmLKpxT9EFIi1iEzEEr.jpg
0,177,train,frame_002240_png.rf.4DdjRNiKe7EFLfWEP16c.jpg
0,177,train,frame_002260_png.rf.jot9fhYJ2d3Fz2QlT2lk.jpg
0,177,train,frame_002280_png.rf.gKJ4kZrcPp7YSF2ZEJIt.jpg
0,177,train,frame_002300_png.rf.TWDyWLomthpfNQnSmxTr.jpg
0,177,train,frame_002320_png.rf.qQcrvaSnJRfyA6KgvZOr.jpg
0,177,train,frame_002340_png.rf.guYe3IBPdRS15jrRo4hl.jpg
0,177,train,frame_002360_png.rf.yZJgrvpn0YEFd9ul0wec.jpg
0,177,train,frame_002380_png.rf.1GKiGagZBh7RSt6uKjT6.jpg
0,177,train,frame_002400_png.rf.By02DoW1wq6HifcYFUYV.jpg
0,177,train,frame_002420_png.rf.ReUGVKeBAX5cHGKuo5sm.jpg
0,177,train,frame_002440_png.rf.PCa34TIbF0PgOp1ldudQ.jpg
0,177,train,frame_002460_png.rf.xIXViAUqhnLPubIao2qU.jpg
0,177,train,frame_002480_png.rf.icEk890HyfM3NaZfKvlZ.jpg
0,177,train,frame_002500_png.rf.1hnLZ1YEjzPnkAhm4k7q.jpg
0,177,train,frame_002520_png.rf.CbiAVaNzk85cy6LPreco.jpg
0,177,train,frame_002540_png.rf.t4vKORvGC7NOk6WVlcnn.jpg
0,177,train,frame_002560_png.rf.rwBJktDvlJYO1i3Q088l.jpg
0,177,train,frame_002580_png.rf.5pfGOYMEgLbGpnIc30xI.jpg
0,177,train,frame_002600_png.rf.NUhzcptAEx3dFxkGhTgM.jpg
0,177,train,frame_002620_png.rf.50MHwE3tcvuhSj9fWLPN.jpg
0,177,train,frame_002640_png.rf.VEGNd1ljZUQLYpgu9GI9.jpg
0,177,train,frame_002660_png.rf.paVtjP3Gp2q2oFop7bUV.jpg
0,177,train,frame_002680_png.rf.kysnn6rFx1TF96lVldJD.jpg
0,177,train,frame_002700_png.rf.DJw8WGd8JvHL2TzQfjkf.jpg
0,177,train,frame_002720_png.rf.N233QATNRXzR8uIj4vbR.jpg
0,177,train,frame_002740_png.rf.RixzZRhWYOOOg90LcEi6.jpg
0,177,train,frame_003440_png.rf.MAgghv5Dv0hPYKmIJQU1.jpg
0,177,train,frame_003460_png.rf.VS9qTTbkehN6ixYhyztJ.jpg
0,177,train,frame_003480_png.rf.f3GtgfLxX3Lt72t1VLxf.jpg
0,177,train,frame_003500_png.rf.8he1PNmj5krCIubrRjzc.jpg
0,177,train,frame_003520_png.rf.0D61tVPIimUsjhP7519d.jpg
0,177,train,frame_003540_png.rf.7O7yVfIdRYVpuDbtFTxN.jpg
0,177,train,frame_003560_png.rf.SeZRpD3RiH6wJZyMycwU.jpg
0,177,train,frame_003580_png.rf.mT4IMqcUUjauQInGjCpj.jpg
0,177,train,frame_003600_png.rf.VxdIKYwjLTfjPLFlkeAR.jpg
0,177,train,frame_003620_png.rf.7Db5PlhngCVFniGOzvmp.jpg
0,177,train,frame_003640_png.rf.1Sz04pZSzKlaqXH5x3jG.jpg
0,177,train,frame_003660_png.rf.a9xnMYPVorOIR0PGkn1L.jpg
0,177,train,frame_003680_png.rf.h9Ep53IiShNjVxaWfzPI.jpg
0,177,train,frame_003700_png.rf.cP01ITG61J6x3COUnLnx.jpg
0,177,train,frame_003720_png.rf.WONGZ9uM9m8GmtqwRyf5.jpg
0,177,train,frame_003740_png.rf.eihjUAtfihGH6FBRcTBS.jpg
0,177,train,frame_003760_png.rf.YDzlyW0rO9FSMuuWtKJs.jpg
0,177,train,frame_003780_png.rf.vqwKP9gQEvvsH4f9sR7u.jpg
0,177,train,frame_003800_png.rf.yJDe0or5mfsnf9JxJoVH.jpg
0,177,train,frame_003820_png.rf.ZtxiYPou9dVVALC4O3Se.jpg
0,177,train,frame_003840_png.rf.azNvnLfRo6TfLYSeNb22.jpg
0,177,train,frame_003860_png.rf.jg6Vd62QwVF0ZIbXZlg3.jpg
0,177,train,frame_003880_png.rf.joAhPbdPKeMDw7pQGkJ9.jpg
0,177,train,frame_003900_png.rf.6VuDNuLuQ8v9cT7X7vHl.jpg
0,177,train,frame_003920_png.rf.s2LdEup06xraE7PDJiPz.jpg
0,177,train,frame_003940_png.rf.Sl2M5os1EJr4Q9vy4ctm.jpg
0,177,train,frame_003960_png.rf.8Xae8tdTzYcN5H7cQwes.jpg
0,177,train,frame_003980_png.rf.phd0Vf4sbtGeNrQ7FInF.jpg
0,177,train,frame_004000_png.rf.tGCqL7DAP1ecVL3O4WTm.jpg
0,177,train,frame_004020_png.rf.O2i65q7N6Rz8HmuouO72.jpg
0,177,train,frame_004520_png.rf.V8J74QJe64XXdC9BTeuV.jpg
0,177,train,frame_004540_png.rf.Z6i2tTCenpsGZscTBz7W.jpg
0,177,train,frame_004560_png.rf.cyDKSMMfnUutTSR1qYkD.jpg
0,177,train,frame_004580_png.rf.MuitydFyXfpkvP2oK2pN.jpg
0,177,train,frame_004920_png.rf.kUH0bM87DhRB2sj42Pst.jpg
0,177,train,frame_004940_png.rf.Qs570Hij5yNzQPaUDZSM.jpg
0,177,train,frame_004960_png.rf.uioWJB7YYdkZnyT8T6uJ.jpg
0,177,train,frame_004980_png.rf.5wdI0N1WMZph6OgOXYrQ.jpg
0,177,train,frame_005000_png.rf.1wtix8NJwMNCtQAeSFKr.jpg
1,133,train,frame_000000_jpg.rf.WbXi0TBAbdf0VjTySqpC.jpg
1,133,train,frame_000000_png.rf.7SGqgBaloyUrWMhmCUbI.png
1,133,train,frame_000009_jpg.rf.0m7IbsgS5bqTWHfD9jWb.jpg
1,133,train,frame_000018_jpg.rf.pdaVAZVO1kNJpawpW4Mt.jpg
1,133,train,frame_000027_jpg.rf.zLaEZjzrdC5nY3bPEVo1.jpg
1,133,train,frame_000036_jpg.rf.67IFoE0UJXBZ31Y8tCCM.jpg
1,133,train,frame_000045_jpg.rf.GyCx8Ot7Uutrb1m3LKIz.jpg
1,133,train,frame_000045_png.rf.wtfizvgEZAsYgus7VMaM.png
1,133,train,frame_000054_jpg.rf.jtW8mkGK6eMbPZ0F8hyF.jpg
1,133,train,frame_000063_jpg.rf.nIaaFYJC6pkBK0KpzNlK.jpg
1,133,train,frame_000072_jpg.rf.YhdF8rsFdD75ANmZnR81.jpg
1,133,train,frame_000081_jpg.rf.fBcnr7Fv0dXfiGPaXxoo.jpg
1,133,train,frame_000090_jpg.rf.rFmzl9HtzOsqHVnAQPXj.jpg
1,133,train,frame_000090_png.rf.FrXuYDAK64OqYEcNOUqC.png
1,133,train,frame_000099_jpg.rf.nA5Eay5Zd7yteUUl4EgR.jpg
1,133,train,frame_000108_jpg.rf.eDFc8TsWu8mfbV4V65gF.jpg
1,133,train,frame_000117_jpg.rf.MxfTwXIo6k0gONv31yoK.jpg
1,133,train,frame_000126_jpg.rf.bPksmv2I4YfBf6bpEfH0.jpg
1,133,train,frame_000135_jpg.rf.owut5jS0zIkMs9MyZ3fU.jpg
1,133,train,frame_000135_png.rf.4iRHexrYMlzo1JHnsCRM.png
1,133,train,frame_000144_jpg.rf.RNVtrJbwJB5Qdw9eegze.jpg
1,133,train,frame_000153_jpg.rf.qYhypk0C0DOsLWAPNaWx.jpg
1,133,train,frame_000162_jpg.rf.n7pMbwhNz5sfPI4MffXm.jpg
1,133,train,frame_000171_jpg.rf.eusHWD8Nq5usuhXkpOLA.jpg
1,133,train,frame_000180_jpg.rf.3Yi7OiWUDKCscuTWeXUf.jpg
1,133,train,frame_000180_png.rf.ecaDDvdaV23yKpNA6y0b.png
1,133,train,frame_000189_jpg.rf.Jrmd7UUOHpaGyo7XVTpE.jpg
1,133,train,frame_000198_jpg.rf.GOaSevDjjZK9qYuyKI96.jpg
1,133,train,frame_000207_jpg.rf.rQcA4dioaGYOd3w9Rn45.jpg
1,133,train,frame_000216_jpg.rf.6h1UIq874AQ15qA6MccG.jpg
1,133,train,frame_000225_jpg.rf.yYNzuD34cMHHmgwXm04m.jpg
1,133,train,frame_000225_png.rf.v6zTmvElbYJKl1iAGEDy.png
1,133,train,frame_000234_jpg.rf.rMj6iSwJUT3jsppiTzdf.jpg
1,133,train,frame_000243_jpg.rf.JPQ360Sf19nk6Y9aJKSu.jpg
1,133,train,frame_000252_jpg.rf.gv5wflqljuogd5OyIZ61.jpg
1,133,train,frame_000261_jpg.rf.6f4NZiSdS1mNwB0UXmaK.jpg
1,133,train,frame_000270_jpg.rf.oGNs7aDeIpc0P0FO7db8.jpg
1,133,train,frame_000270_png.rf.ajSUdQCY7WQOnAgSzNyt.png
1,133,train,frame_000279_jpg.rf.b3BT8nX89u1QsiSuMcXO.jpg
1,133,train,frame_000288_jpg.rf.UHVnDroadQ7YCpE6hR9b.jpg
1,133,train,frame_000315_png.rf.AGNOFWHFxg0lBPxafsE6.png
1,133,train,frame_000360_png.rf.VhmsfY7GCnzhWdD2kQ15.png
1,133,train,frame_000405_png.rf.jlURiKjR1ffXnH6dAtDQ.png
1,133,train,frame_000450_png.rf.w6ajkFKQtzXx4DMDKVLH.png
1,133,train,frame_000495_png.rf.RPUlTGhMUPbOyM5lUi82.png
1,133,train,frame_000540_png.rf.km33ohKaK9v7sCiG1viV.png
1,133,train,frame_000585_png.rf.eCCWqqcGtZsKvcrMfBAm.png
1,133,train,frame_000630_png.rf.zmExT0YHb4G9uALrzO6d.png
1,133,train,frame_000675_png.rf.tYLm0P3zIk4ZOfaZtY0L.png
1,133,train,frame_000720_png.rf.Gs6CT4Ev0ABvFsnowdx3.png
1,133,train,frame_000765_png.rf.hNSKPG5TZERp3wo4OVKw.png
1,133,train,frame_000810_png.rf.moWoqCP8pYHNZJT9ZjAC.png
1,133,train,frame_000855_png.rf.hXHxBmybY2CiWBWYVyTh.png
1,133,train,frame_000900_png.rf.xg9BBZosR5NOlwb4KAK0.png
1,133,train,frame_000945_png.rf.jBLsCaHU55wzOyFkYOCf.png
1,133,train,frame_000990_png.rf.OOBbyOHFxgzl0pf2Tucc.png
1,133,train,frame_001080_png.rf.o1tts9YW1KkqWc2ktSmI.png
1,133,train,frame_001125_png.rf.BKzBHt2T3fTRjhbIgn2a.png
1,133,train,frame_001170_png.rf.FOhpteDz0v25Y2zzCfTS.png
1,133,train,frame_001215_png.rf.s0kT2TUyt4UvTC6GRYqk.png
1,133,train,frame_001260_png.rf.fB1e8hvxEWsveOeFUHy8.png
1,133,train,frame_001305_png.rf.MeSVFIh0eagBZUoQgXMb.png
1,133,train,frame_001350_png.rf.2RdjZhNRR49DXQ5UDyCY.png
1,133,train,frame_001395_png.rf.yJv1LwszXZwGZVyksztD.png
1,133,train,frame_001440_png.rf.ckdWWLqFfOZbybjyChli.png
1,133,train,frame_001485_png.rf.Y7YiXJRmmM1SagRd0c9k.png
1,133,train,frame_001530_png.rf.3Z6AyhxGKvc53iZYFnYh.png
1,133,train,frame_001575_png.rf.Jho0Uam1Oohd3KY3RZjm.png
1,133,train,frame_001620_png.rf.TTZbrYwtk5pTagib1ygV.png
1,133,train,frame_001665_png.rf.L5BSgHfeNZo4Ce1LDQWR.png
1,133,train,frame_001710_png.rf.foQ2tcuHcQQWQJwoU5QF.png
1,133,train,frame_001755_png.rf.s2mBVY4PQNWS5PY93EF8.png
1,133,train,frame_001800_png.rf.w4EZEok8DKfkI34OlLWn.png
1,133,train,frame_001845_png.rf.xBXcqWh5R5ps4YF0vFAX.png
1,133,train,frame_001890_png.rf.yN2KVuZIk9p8STK8p79P.png
1,133,train,frame_001935_png.rf.D1oBalZz3hsYOGMU2YpP.png
1,133,train,frame_001980_png.rf.tvVEnutmsHVVHs5kIvKb.png
1,133,train,frame_002025_png.rf.VsR0nbbb0lPTOcG7JUgM.png
1,133,train,frame_002070_png.rf.bVbJtoWDBbdFeIbVIpLF.png
1,133,train,frame_002115_png.rf.lJ0s8CgzGiw1tINTFGYU.png
1,133,train,frame_002160_png.rf.r4OgJ40C3IZR3v4nbr3P.png
1,133,train,frame_002205_png.rf.1ncK8lualQvEvHMTLvZL.png
1,133,train,frame_002250_png.rf.49GE8LgCbTJCUdKoEBhQ.png
1,133,train,frame_002295_png.rf.nWxhDKUCs1NsHeikVHm4.png
1,133,train,frame_002340_png.rf.X5e5AclcEnHU73Zl5yqg.png
1,133,train,frame_002385_png.rf.zk5KXlrr8wJvvDtXXHCj.png
1,133,train,frame_002430_png.rf.mvZqni13t8Oex7F1cc4A.png
1,133,train,frame_002475_png.rf.Cjl1Pi9EazVtKBanRdA6.png
1,133,train,frame_002520_png.rf.sEPt43zU38f3dLhHZaKi.png
1,133,train,frame_002565_png.rf.HRYO3TK6iUT5IqXuMKWS.png
1,133,train,frame_002610_png.rf.For4OTYfatsg5JZIg6kh.png
1,133,train,frame_002655_png.rf.zxWLmBXqRFSUCLh2tLjL.png
1,133,train,frame_002700_png.rf.wXyopEEnNnRE5Zxk248t.png
1,133,train,frame_002745_png.rf.Skx75dlU4qOPtJqRJiZF.png
1,133,train,frame_002790_png.rf.omBLQL40y499PfGvTDca.png
1,133,train,frame_002835_png.rf.fvc1CKA9YLL6Y9VYccKH.png
1,133,train,frame_002880_png.rf.yo5Zt5T1RUfQHz0GtOOI.png
1,133,train,frame_002925_png.rf.3JVVu2D9fCe3IGVAQYjG.png
1,133,train,frame_002970_png.rf.HjZ7pPVIKbtLjxfDGBQp.png
1,133,train,frame_003015_png.rf.Xl3PhWVWmM8KO8nGNqbP.png
1,133,train,frame_003060_png.rf.t0FLiWPDQPPUJqs4lgPP.png
1,133,train,frame_003105_png.rf.AdYiGGwm3oBKg5CfoUW9.png
1,133,train,frame_003150_png.rf.cRNoMef52I0a0duOW8ai.png
1,133,train,frame_003195_png.rf.MX3g1aP0coMAPOPPnDqD.png
1,133,train,frame_003240_png.rf.g64WfoGnFQpLCFkGQNKB.png
1,133,train,frame_003285_png.rf.w7ntJSRJGHlTD2xqhGbI.png
1,133,train,frame_003330_png.rf.UrXgKCeOe0rc2bxSPGTn.png
1,133,train,frame_003375_png.rf.jt2R6f79MEpl6ovERfhZ.png
1,133,train,frame_003420_png.rf.4PmzOaIDToaUSBKqXmxU.png
1,133,train,frame_003465_png.rf.PrVVl8XChYxs3H6ucLYY.png
1,133,train,frame_003510_png.rf.OIvvaC4mFkXAzSqfdzlA.png
1,133,train,frame_003555_png.rf.jk8Kjd5I9YuyFmeYFFAu.png
1,133,train,frame_003600_png.rf.8J3gRCvF6btWTDgLMcFw.png
1,133,train,frame_003645_png.rf.6DOagWtG1Q6DtfjZS2F6.png
1,133,train,frame_003690_png.rf.LV9LplQ454uI0VDySQdF.png
1,133,train,frame_003735_png.rf.eYnWFXy9bUOuqfIsRQRb.png
1,133,train,frame_003780_png.rf.v5tzPFk2pDY5MlDP3csx.png
1,133,train,frame_003825_png.rf.lerfS1UOiR2t5LebiJw0.png
1,133,train,frame_003870_png.rf.L1DyxFbUHEFneX16yfIP.png
1,133,train,frame_003915_png.rf.Zx1z00X7Py3vytdByO1M.png
1,133,train,frame_003960_png.rf.NFUyoMh3Up6jS1VydhnE.png
1,133,train,frame_004005_png.rf.4SP43gTYfKSBkh59WUk0.png
1,133,train,frame_004050_png.rf.Dr175Zxwv8P7VttnS18r.png
1,133,train,frame_004095_png.rf.nMG2rzVtRCFPhXSMSRf1.png
1,133,train,frame_004140_png.rf.onBUDWZGmfJkSFiiZoUH.png
1,133,train,frame_004185_png.rf.ru4nvW9tdCUalEN6Y08R.png
1,133,train,frame_004230_png.rf.xEpP1sDMsC4v86NAuRkL.png
1,133,train,frame_004275_png.rf.3ad7cvp4Bx6IQlnFn0xC.png
1,133,train,frame_004320_png.rf.87HPCfQM0w1EXvpNpbYa.png
1,133,train,frame_004365_png.rf.cvO9vikWdSGx5RgNjsq6.png
1,133,train,frame_004410_png.rf.foM0ZN0ay09LOfi19grp.png
1,133,train,frame_004455_png.rf.d4vlHqUGKVM5b06788vm.png
1,133,train,frame_004500_png.rf.sxYPI8qXkHNGs2eVNsVT.png
2,104,valid,frame_000000_png.rf.6H9Hixzt1Rs5gjWEJVmH.png
2,104,valid,frame_000026_png.rf.O0RGGFFs8h88JUD2RgHP.png
2,104,valid,frame_000052_png.rf.dbeOaypHTyun29yZVdZh.png
2,104,valid,frame_000104_png.rf.oFg4utZduFrFuEhI21fy.png
2,104,valid,frame_000130_png.rf.sp0jMQBc124z0OQ0Yv6g.png
2,104,valid,frame_000156_png.rf.SlIzeOqNq0ywF4bsqr4N.png
2,104,valid,frame_000182_png.rf.PuZulIv7Pb4v5HNjucv3.png
2,104,valid,frame_000208_png.rf.bF2ZgpXsFeuBh8W9ijgj.png
2,104,valid,frame_000234_png.rf.1zRYvwqRi6JBbN0pvWPP.png
2,104,valid,frame_000260_png.rf.OnD95v1SZUqQfJ7lTxmY.png
2,104,valid,frame_000286_png.rf.8rqN3clZx2TRe4CnMCU4.png
2,104,valid,frame_000312_png.rf.qJdcvse3zzlGypgP4etO.png
2,104,valid,frame_000338_png.rf.tjU1bFRXvqrGsqATlxqc.png
2,104,valid,frame_000364_png.rf.3YDdmlnueGkx9bT2QEaZ.png
2,104,valid,frame_000390_png.rf.w5FweRruJC5t8M4EMQNi.png
2,104,valid,frame_000416_png.rf.aas6ZAKyPskIPsaFRfZp.png
2,104,valid,frame_000442_png.rf.kPy3N17fvKJ9uziyGG8D.png
2,104,valid,frame_000468_png.rf.sPVXjwV9BtEhXWUxerPt.png
2,104,valid,frame_000494_png.rf.4CtPrUn0qFi7ocbUPHZJ.png
2,104,valid,frame_000520_png.rf.KmQx4FKNy0bQ5UTiO5Bs.png
2,104,valid,frame_000546_png.rf.Kj1fSHzhoQJZ56khtMIc.png
2,104,valid,frame_000572_png.rf.Enz9zF3Hl2ydWg8ypA6U.png
2,104,valid,frame_000598_png.rf.pIa97KzhFxLS2l055nFF.png
2,104,valid,frame_000624_png.rf.mwYCwNJvsV0X1nrKeHha.png
2,104,valid,frame_000650_png.rf.34f2VQdCLlRiFuXf8VEl.png
2,104,valid,frame_000676_png.rf.nbu5ayHwZ0AfWqglUlFm.png
2,104,valid,frame_000702_png.rf.6RWiszWYmeQas52IUyQL.png
2,104,valid,frame_000728_png.rf.0lZGdehiBx68D1MYh1Yz.png
2,104,valid,frame_000754_png.rf.OwAzwJmHj4ffAeGccXqR.png
2,104,valid,frame_000780_png.rf.GQUZ7JDX7QEwyXm1I6Hl.png
2,104,valid,frame_000806_png.rf.iZ4hkx0RbikQwJ3EfAMt.png
2,104,valid,frame_000832_png.rf.dwWPDJ40ZBNY601HmHIq.png
2,104,valid,frame_000858_png.rf.f7OGwKyfatY8jYugjDQT.png
2,104,valid,frame_000884_png.rf.j9Z3vHWcOL2GTJMFmRJa.png
2,104,valid,frame_000910_png.rf.EXKwELnJEWGu1f9IommF.png
2,104,valid,frame_000936_png.rf.oWNnHxVUpY9YYFyCTomO.png
2,104,valid,frame_000962_png.rf.tKWsevhiHeWKz0ELSes9.png
2,104,valid,frame_000988_png.rf.ZxKvD8iaLCSKMKhIfbR5.png
2,104,valid,frame_001014_png.rf.wuEPtbESfLRGuWAWOcD1.png
2,104,valid,frame_001040_png.rf.iok2Y2MxvHWFawb64jn5.png
2,104,valid,frame_001066_png.rf.dk0tD6p2dWoLDlD0oE5A.png
2,104,valid,frame_001092_png.rf.PfjT8dsmdYOIAbejXCtu.png
2,104,valid,frame_001118_png.rf.Br89S5IHoewk5Nq5bSwr.png
2,104,valid,frame_001144_png.rf.rjjxRU67oXQEKzVMr68r.png
2,104,valid,frame_001170_png.rf.QAgflNLqua74ZC1FYvkv.png
2,104,valid,frame_001196_png.rf.8AakVAElw1fTe655zYYx.png
2,104,valid,frame_001222_png.rf.hAonfHEq09y4EWZgelYT.png
2,104,valid,frame_001248_png.rf.NPymShXqOeR1IBqitDg4.png
2,104,valid,frame_001274_png.rf.ApIN4eRFqV5LSGuCa7it.png
2,104,valid,frame_001300_png.rf.KbNLz92ExzNekv1XLcLR.png
2,104,valid,frame_001326_png.rf.fJPGy5dsNQUNH8MHhIL1.png
2,104,valid,frame_001352_png.rf.wgYcmYi3tbW8vQe6ofBe.png
2,104,valid,frame_001378_png.rf.14YbqTCdnDEP5X8NgyQQ.png
2,104,valid,frame_001404_png.rf.KaYahc0d0rEE2KOzivzf.png
2,104,valid,frame_001430_png.rf.55qndGaRD8rLxyL6O5DV.png
2,104,valid,frame_001456_png.rf.mRKIy0Hp0NLUpnNVcf5p.png
2,104,valid,frame_001482_png.rf.bLVojfXXgb7Ns5kcT98Z.png
2,104,valid,frame_001508_png.rf.GhAmPOTZJc728uJU0sbH.png
2,104,valid,frame_001534_png.rf.DHzh1lCExy4Tfr5ecECH.png
2,104,valid,frame_001560_png.rf.3T2sCwOJdlTYmI269mLp.png
2,104,valid,frame_001586_png.rf.ot31RwjuKdOREYWoU5JO.png
2,104,valid,frame_001612_png.rf.S3CJSYCvoDVLKp7P2Mga.png
2,104,valid,frame_001638_png.rf.sCKViMZYo4HpUVBCtZdB.png
2,104,valid,frame_001664_png.rf.FyNjipmwS4FnwBJgXMzE.png
2,104,valid,frame_001690_png.rf.rWPBYJz7yoNjuK196eSJ.png
2,104,valid,frame_001716_png.rf.qKSzcT9ECxm4NtX3q73g.png
2,104,valid,frame_001742_png.rf.P9mR6t95AA38c9xNqg1Q.png
2,104,valid,frame_001768_png.rf.SNnYooQGlCBibHP6nZBp.png
2,104,valid,frame_001794_png.rf.Dr1kOSjZWaP9foUg4Tor.png
2,104,valid,frame_001820_png.rf.PkzKwi7US1ZP0jtiMWPh.png
2,104,valid,frame_001846_png.rf.kf9mDO1OXkdoCoxRWgc3.png
2,104,valid,frame_001872_png.rf.L7aNGSc9IXWncAyUFRD2.png
2,104,valid,frame_001898_png.rf.jwIPhpKaAVgdKYKIwVWC.png
2,104,valid,frame_001924_png.rf.GkpHwde1Q6ttKuNjvHDD.png
2,104,valid,frame_001950_png.rf.qiyLvI2uJS91AO0UHZlR.png
2,104,valid,frame_001976_png.rf.i1xf00kGFtj6OJG3lxj6.png
2,104,valid,frame_002002_png.rf.im6sewKrSbTYDVvT9V9z.png
2,104,valid,frame_002028_png.rf.66rM2qmCSHnf3Gj8wqfm.png
2,104,valid,frame_002054_png.rf.lYq7TGXdWobVJQxk73br.png
2,104,valid,frame_002080_png.rf.ODUYfhnhQGbp49Vl6uwE.png
2,104,valid,frame_002106_png.rf.l0iKGJ94R4DOjzkeIaYA.png
2,104,valid,frame_002132_png.rf.iUkRrZzQsqxlqkoGmqgd.png
2,104,valid,frame_002158_png.rf.wSCeZ1yV0lImk7KK4MY6.png
2,104,valid,frame_002184_png.rf.TJmhOhmoAtx6Qbdzf5AA.png
2,104,valid,frame_002210_png.rf.AOLnVi0TZ8Kj9qXwNrgU.png
2,104,valid,frame_002236_png.rf.FeIk5d17lcRRth3me1WU.png
2,104,valid,frame_002262_png.rf.4cJqxhvLdK4Fg1BItyVw.png
2,104,valid,frame_002288_png.rf.rbzDMRtTX7p3e9WBP2EY.png
2,104,valid,frame_002314_png.rf.LVFAuYRn6V9Yl5xjozaM.png
2,104,valid,frame_002340_png.rf.CsVTlVaWB3pgqeMGRIf3.png
2,104,valid,frame_002366_png.rf.yskYtHq21FzvSWivJesL.png
2,104,valid,frame_002392_png.rf.m1RyY7Z0xJa4Roiisto6.png
2,104,valid,frame_002418_png.rf.tnKNO2YocXn73Qv1Yi5Q.png
2,104,valid,frame_002444_png.rf.PE9zIrosOqjRm3OHuetV.png
2,104,valid,frame_002470_png.rf.8UccBkgEcPF2UISeWP12.png
2,104,valid,frame_002496_png.rf.oCp9bTeC9RzrQ69PtmPX.png
2,104,valid,frame_002522_png.rf.rKtswerWn5DR27lT3qaP.png
2,104,valid,frame_002548_png.rf.Lym2Z6LbGHd950ijP3bU.png
2,104,valid,frame_002574_png.rf.xr2niNdDx2ehi3Ty4X76.png
2,104,valid,frame_002600_png.rf.FQWlSc3wYrqmTkjf2ZBj.png
2,104,valid,frame_002626_png.rf.013Ja1tj3044GBsJkvZ6.png
2,104,valid,frame_002652_png.rf.X2bxY3PaAbW2YAwJJ4bn.png
2,104,valid,frame_002678_png.rf.32sWxACprEwMgBTPIAgc.png
2,104,valid,frame_002704_png.rf.w0SNnRVM2d10jEfKjKh0.png
3,100,train,frame_000000_png.rf.OVF1rSOhv7DRAtdXsRe8.png
3,100,train,frame_000020_png.rf.vJeIUvxpHAaeIGigzVPn.png
3,100,train,frame_000040_png.rf.9xb40PxYq62N4eMYKI1I.png
3,100,train,frame_000060_png.rf.1LRt3xXmbJw2y5O7KckA.png
3,100,train,frame_000080_png.rf.qwLxEQb7RtygxjwEHYdq.png
3,100,train,frame_000100_png.rf.A1ETWBjxWcG4KmIRuE9J.png
3,100,train,frame_000120_png.rf.N8bXcju1J2X6N8TWI1IW.png
3,100,train,frame_000140_png.rf.pUifjhPJjknUGEiLuv5r.png
3,100,train,frame_000160_png.rf.AgtCFdu5rKj7cWjV1H3e.png
3,100,train,frame_000180_png.rf.iKiuvhe5Aw392KMrJoVR.png
3,100,train,frame_000200_png.rf.kwO414aHqBX2Xf0cWxpA.png
3,100,train,frame_000220_png.rf.5RpiGf4hdC1mKzhRw6xm.png
3,100,train,frame_000240_png.rf.2NX3TAkDxRHvmeKUQLFL.png
3,100,train,frame_000260_png.rf.c876RQZMRxnpfT5LREsD.png
3,100,train,frame_000280_png.rf.DypuNkExyalP3p4joW9j.png
3,100,train,frame_002040_png.rf.c3VeMIvXeGaT6KgHSj1K.png
3,100,train,frame_002060_png.rf.r403j8pb3frn72o0gHyJ.png
3,100,train,frame_002080_png.rf.8AD5NTY1P8edpOT5wlWQ.png
3,100,train,frame_002100_png.rf.bsNSwbjB9NBxFim1ReuP.png
3,100,train,frame_002120_png.rf.GB3WGmikyrHfFTzqvAGr.png
3,100,train,frame_002140_png.rf.ZaTQIfP9gbL7E2VBLqnm.png
3,100,train,frame_002160_png.rf.Q602J0rNzg1WbvXPQbF3.png
3,100,train,frame_002300_png.rf.up3mla7IQ8iteMrlvjO8.png
3,100,train,frame_002320_png.rf.TZZ3Byp9xpMFzNG5MKCU.png
3,100,train,frame_002340_png.rf.6V1hk8WbOM21YQnQJWKY.png
3,100,train,frame_002360_png.rf.xZz0maqiqcBzDFcCagRe.png
3,100,train,frame_002380_png.rf.06blgmsJ63kLu1PYu8UK.png
3,100,train,frame_002520_png.rf.RoRBGNzDgLH6oFYdgz8f.png
3,100,train,frame_002580_png.rf.bemV6H9bWuQof1bTVa5s.png
3,100,train,frame_002600_png.rf.lJzvRDXQBpCCN1TQCJd0.png
3,100,train,frame_002620_png.rf.oPxTc2feYCS7AGLc7lV3.png
3,100,train,frame_002640_png.rf.D4INvuFJafGVFdna5v0a.png
3,100,train,frame_002660_png.rf.1OirET4a2UN48qJGw1Qo.png
3,100,train,frame_002680_png.rf.ClFIrm4rwS3pDeHCXQKx.png
3,100,train,frame_002700_png.rf.pxdW3ZPpW5s13LPwpjmz.png
3,100,train,frame_002720_png.rf.vqQ6sSLEXx38w8LKmftd.png
3,100,train,frame_002740_png.rf.t114PxVpTf9JIBZAz1yO.png
3,100,train,frame_002760_png.rf.ryS2uA70hfJiY4ugfttf.png
3,100,train,frame_002780_png.rf.dphJEyERb20DmVPf7at1.png
3,100,train,frame_002800_png.rf.GTkVxqwfFurcIBMvWyCr.png
3,100,train,frame_002820_png.rf.6bcnsH7jgSn4WBYUzRc3.png
3,100,train,frame_002840_png.rf.LYmtrc8D57CL5MYrJUat.png
3,100,train,frame_002860_png.rf.9lOenTDgRxKWFSjPLBvI.png
3,100,train,frame_002880_png.rf.U7Oz8w7Ziu8Sd0jVvsIj.png
3,100,train,frame_002900_png.rf.iHZBtbtnttzZJtE2hxhY.png
3,100,train,frame_002920_png.rf.6ewS6aLbPTEz8bDbfYgx.png
3,100,train,frame_002940_png.rf.OILr0jXJ5SZxNQiEhlgS.png
3,100,train,frame_002960_png.rf.t9vuMxpBrW4Xisol41dn.png
3,100,train,frame_002980_png.rf.Y5UQc87M992PBx3NG2jN.png
3,100,train,frame_003000_png.rf.THxcMjnlhejsu1NgSbyT.png
3,100,train,frame_003020_png.rf.k4twr8foWXlmX2IDk4II.png
3,100,train,frame_003040_png.rf.k1gPYydMiQSPeipa6nEJ.png
3,100,train,frame_003060_png.rf.2GovTRPtYZ2B4TvblU32.png
3,100,train,frame_003080_png.rf.dK19ItolZcKjlr4qGXCI.png
3,100,train,frame_003100_png.rf.3zhUJWcN4oZYac7Feefw.png
3,100,train,frame_003120_png.rf.61nKOFcUaqyay9119O9R.png
3,100,train,frame_003140_png.rf.Vn4BkhUJqyoakfSwu81P.png
3,100,train,frame_003160_png.rf.MU2cardpEvKt0rcNh8Sy.png
3,100,train,frame_003180_png.rf.WACxW09QogDKiR1soqQs.png
3,100,train,frame_003200_png.rf.MpK957h5663XtsUfL6HC.png
3,100,train,frame_003220_png.rf.IxbvMJ5MNJiEYhmuNWSP.png
3,100,train,frame_003240_png.rf.Hz4upQ0644kkIpoxMQK0.png
3,100,train,frame_003260_png.rf.UmfUw5WWKbPw5z1tA0PI.png
3,100,train,frame_003280_png.rf.0FpOM6mWRlLubUfLGkzC.png
3,100,train,frame_003300_png.rf.QOqGDXbnqSzjyWIGUfDH.png
3,100,train,frame_003320_png.rf.jXDR5mfH130rE5k9tuBB.png
3,100,train,frame_003340_png.rf.jarBVbn2UjfLERcB4pJl.png
3,100,train,frame_003360_png.rf.kG0Oe2yy5rxaK53RtIeh.png
3,100,train,frame_003380_png.rf.vNth7r93MVjVWVrvQC0j.png
3,100,train,frame_003400_png.rf.VTYS2y1r6KaU7NELjkBU.png
3,100,train,frame_003420_png.rf.Uh8ETgfGzyf60CEj371q.png
3,100,train,frame_003440_png.rf.8kkCnuVk0AUZRxCw8ijo.png
3,100,train,frame_003460_png.rf.fHnoMJrtaUWvDnWg7A9B.png
3,100,train,frame_003480_png.rf.bPEwIBRZCS3lx0jDijfC.png
3,100,train,frame_003500_png.rf.iUbNf0GhlKFUXSt4Unfb.png
3,100,train,frame_003520_png.rf.izRbfbSs60r6wTM1RlJd.png
3,100,train,frame_003540_png.rf.aMXa4sF0UJRKjzpth1Ng.png
3,100,train,frame_003560_png.rf.O8YGhHZV5VIeGidg5UvT.png
3,100,train,frame_003580_png.rf.z2HyWzmv3Zi3kcdhkpZF.png
3,100,train,frame_003600_png.rf.Rd6V8Mu87KUaL7JPZ2T5.png
3,100,train,frame_003620_png.rf.L0MrJl5LMt7772BPlg3d.png
3,100,train,frame_003640_png.rf.RHxbkh5dO9pJ9fnBvM1B.png
3,100,train,frame_003660_png.rf.VTaLxtRpXWNey5X2ktY6.png
3,100,train,frame_004000_png.rf.s5lhTHek9QG81sicD24i.png
3,100,train,frame_004020_png.rf.4EntBMYbmUyKHSo5yV7M.png
3,100,train,frame_005060_png.rf.HnFkOBx9Jn4ldoIcyaRu.png
3,100,train,frame_005080_png.rf.knUKTuSExVmBP3iP1HDr.png
3,100,train,frame_005100_png.rf.x8zlzGPtJeFyU9XMLV3o.png
3,100,train,frame_005160_png.rf.PVtXPg4G61K3VBV0joMo.png
3,100,train,frame_005180_png.rf.o8FQNsQ9FNJqwK5dWQHY.png
3,100,train,frame_005200_png.rf.H1t5nVhYnAK4nC2nxuPC.png
3,100,train,frame_005220_png.rf.JkNZYslcfbnvXfIwsX9r.png
3,100,train,frame_005240_png.rf.kwd7glSIN6VPzninEFoj.png
3,100,train,frame_005260_png.rf.Bh188hAff3UQtzmq2j31.png
3,100,train,frame_005280_png.rf.a2ssDjTa7X2e2GNakDUK.png
3,100,train,frame_005300_png.rf.wAVkVfA0e5s5Oe0XGKRD.png
3,100,train,frame_005320_png.rf.XQyl8TsLJOzzxWF65i69.png
3,100,train,frame_005360_png.rf.qrtc6JIpikBiJ9SJSApX.png
3,100,train,frame_005380_png.rf.AR7uwk5WAS69T2NkwIz9.png
3,100,train,frame_005400_png.rf.dr54YaOqQKAVZE0w58X3.png
4,98,train,frame_000000_png.rf.Xcd8rMoD8otwhrCpjOLx.png
4,98,train,frame_000000_png.rf.mG908Bp5wGSj1MhIS3LR.png
4,98,train,frame_000053_png.rf.dPddlHWYxepQ0sU24cE9.png
4,98,train,frame_000072_png.rf.uanKyDWm4SgtlGaw5fLv.png
4,98,train,frame_000106_png.rf.Sm8gj2tRYq6VsH3TkNhf.png
4,98,train,frame_000144_png.rf.goH2lgiTy9E0mdhzsMLM.png
4,98,train,frame_000159_png.rf.cbV8XokCpkHJqoTqn7e1.png
4,98,train,frame_000212_png.rf.gGqGwfuNw5lYMNkjcI56.png
4,98,train,frame_000216_png.rf.UZOyNU9TyTmyLuzHKGQq.png
4,98,train,frame_000265_png.rf.gTMvgY7GqgGXbn12GCKc.png
4,98,train,frame_000288_png.rf.DMDarwHW3kjg822prHDp.png
4,98,train,frame_000318_png.rf.iDf6UXLyyEt3D4lVg4q6.png
4,98,train,frame_000360_png.rf.4QF28qT1Pb6QAXTR1B17.png
4,98,train,frame_000371_png.rf.tItYbLZ5YqSjI9my9KFA.png
4,98,train,frame_000424_png.rf.UXT377w7qq1BBobjowyj.png
4,98,train,frame_000432_png.rf.dJXO3FhKYsR6PL96pSP9.png
4,98,train,frame_000477_png.rf.tlPX7bTevAIP9mflMTVK.png
4,98,train,frame_000504_png.rf.7sey9d0RJCYcQuqjEIuq.png
4,98,train,frame_000530_png.rf.X3vFReKT43RzfkEAmq3B.png
4,98,train,frame_000576_png.rf.ZxwkzZQXtaThctRIKIjo.png
4,98,train,frame_000583_png.rf.iXrfhdUKMUqsRSqXyrBw.png
4,98,train,frame_000636_png.rf.t53wbXtGT6yrN8B6TxDA.png
4,98,train,frame_000648_png.rf.9TQdpgo66fA5VSisxmub.png
4,98,train,frame_000689_png.rf.q7vL9npJwPhQoKNiQ9wn.png
4,98,train,frame_000720_png.rf.ZkXtfs8z3gVIoDkhzSE6.png
4,98,train,frame_000742_png.rf.EJApblQtHxFUWBWCA8Tb.png
4,98,train,frame_000792_png.rf.NDYnbwgy1snsjTaTMK06.png
4,98,train,frame_000795_png.rf.cVH9dzvvCfb9jTAJlQXG.png
4,98,train,frame_000848_png.rf.7bO4M3FYRT9asM03So2m.png
4,98,train,frame_000864_png.rf.BlQOEX2aPl9pQLzgnqVB.png
4,98,train,frame_000901_png.rf.iElGAB9GbOB1vJPF7iAO.png
4,98,train,frame_000936_png.rf.Q5nzvryhREydubVfnSyM.png
4,98,train,frame_000954_png.rf.h8itiM7KQaXbeQ412vBS.png
4,98,train,frame_001007_png.rf.0TUs0PWME7DoL8N2SLKj.png
4,98,train,frame_001008_png.rf.gtsDpBDxm7KnpIKFz2QV.png
4,98,train,frame_001060_png.rf.AeWRvUTjwS0IflY45exd.png
4,98,train,frame_001080_png.rf.oxyYONWTscrr0hfgHl0l.png
4,98,train,frame_001152_png.rf.4KztiwVgNUoGFQ3n1G59.png
4,98,train,frame_001166_png.rf.CkVOzUbJUHbqzvCmN4nV.png
4,98,train,frame_001219_png.rf.1JjvcrN2Z8zEtqlXfffu.png
4,98,train,frame_001224_png.rf.IRbHdllxIuqDvHA4IAOP.png
4,98,train,frame_001272_png.rf.l3mKDT11XdBmBCXrBd7H.png
4,98,train,frame_001296_png.rf.cSvZmGY8Z6VGKVjuQYxo.png
4,98,train,frame_001325_png.rf.6dAgVsUroGKKXARJX59O.png
4,98,train,frame_001368_png.rf.J7XV79moNA21CURaYa4g.png
4,98,train,frame_001378_png.rf.dFaBeCByPKLKak1haD3e.png
4,98,train,frame_001431_png.rf.3NpI5FUsquXUmzqeDsET.png
4,98,train,frame_001440_png.rf.KPv0mZnPzU6tMTDxxCk5.png
4,98,train,frame_001484_png.rf.guZOT2IzRxTmPbbTQmFt.png
4,98,train,frame_001512_png.rf.DNwzv8myMrNa7QzU4EuD.png
4,98,train,frame_001537_png.rf.KvhRAd5TBLqsYKQuiEtJ.png
4,98,train,frame_001584_png.rf.Dxtck3FZva3uF13t87ag.png
4,98,train,frame_001590_png.rf.NT88zLLeTAIgP8rFrBij.png
4,98,train,frame_001656_png.rf.EE2v8PNYhbG6mzEVbHWW.png
4,98,train,frame_001696_png.rf.60Q0IXRk008qavZmCQid.png
4,98,train,frame_001728_png.rf.MECixrHK0bedX4xD7iQn.png
4,98,train,frame_001749_png.rf.pC1v2CkpY7Vdvd1AfbQW.png
4,98,train,frame_001800_png.rf.2Bvr4xHat2BVsBWTG7yD.png
4,98,train,frame_001802_png.rf.APgGXgyDOlYQeBr64hYs.png
4,98,train,frame_001855_png.rf.rEMWBSIZjg5OIMtuSW0T.png
4,98,train,frame_001872_png.rf.fUo6xFXENJhDVI0a0B3H.png
4,98,train,frame_001944_png.rf.YR8X0p6mrChVtKhcxAvd.png
4,98,train,frame_001961_png.rf.HBtYNYzdt3MwRrjowanm.png
4,98,train,frame_002014_png.rf.Xa3j3B3oVPRVlU7L93MH.png
4,98,train,frame_002016_png.rf.DgOQNLSlecBHM16P4yIG.png
4,98,train,frame_002067_png.rf.MKRhvRh9D3GfWatOoMJl.png
4,98,train,frame_002088_png.rf.Y9KimPy91TV4uje9ZALa.png
4,98,train,frame_002120_png.rf.yc7NPIeHI7GPtl6Y1vJR.png
4,98,train,frame_002160_png.rf.wigkZOIr6YvhsJvzJGY4.png
4,98,train,frame_002173_png.rf.PnyGxXm1Q9Pm3ubtecof.png
4,98,train,frame_002226_png.rf.kxD8rdDirhpLI3ctYcYB.png
4,98,train,frame_002232_png.rf.RqYXgj9dOWdMS55VtvJE.png
4,98,train,frame_002279_png.rf.gmx4eIQROaOnbaMajPHO.png
4,98,train,frame_002304_png.rf.fyhMdwV1AeLNod5tviGw.png
4,98,train,frame_002332_png.rf.YSMj4MKjFTUyjESB2KmJ.png
4,98,train,frame_002376_png.rf.eQi9yfbGSiOWXzRvw2Uw.png
4,98,train,frame_002385_png.rf.L9soc1AkW7yx0CU33epM.png
4,98,train,frame_002438_png.rf.LuKmYTbVtutc5lFd993E.png
4,98,train,frame_002448_png.rf.lPBpO8BYLICcos3bshyF.png
4,98,train,frame_002491_png.rf.2EbTPmTmqg7U3hEIOaQK.png
4,98,train,frame_002520_png.rf.TC74UkQLGRTiS868UpIA.png
4,98,train,frame_002544_png.rf.TafvDIOKv7touJAgdus6.png
4,98,train,frame_002592_png.rf.6qGoezugVXDaGT2fK1Wn.png
4,98,train,frame_002597_png.rf.VYvMCVptwBdS4dWBRFsa.png
4,98,train,frame_002650_png.rf.dH6Pal83e6DPUuoZ8qLs.png
4,98,train,frame_002664_png.rf.FaDpUNPJ9hIrwLfdFVEy.png
4,98,train,frame_002736_png.rf.FFP2Tl7wCchIKtg6ru3p.png
4,98,train,frame_002808_png.rf.gPn0ZinDROcf75PyMc39.png
4,98,train,frame_002880_png.rf.u7agMVveF7ssYQvwJ62Q.png
4,98,train,frame_002952_png.rf.WZPddqzIDXOmH9iuR2GG.png
4,98,train,frame_003024_png.rf.mDKSO4YngjkNZ1YN03QJ.png
4,98,train,frame_003096_png.rf.Wt6PviaebXRLbQaLE6ey.png
4,98,train,frame_003168_png.rf.1qvp2DnGAorPv48ChN7W.png
4,98,train,frame_003240_png.rf.hfy63xA80aZuGNasO2hv.png
4,98,train,frame_003312_png.rf.qhFCPgMiM5APVhPwqLPw.png
4,98,train,frame_003384_png.rf.obRBO4ZPZsoimxhPiMGT.png
4,98,train,frame_003456_png.rf.6PGgYO0up3stA6CIkc5U.png
4,98,train,frame_003528_png.rf.ppKgwYMNTTBC7qqsshK9.png
5,92,valid,frame_000000_png.rf.S2rC2JIAK53Y3RE8nnOc.png
5,92,valid,frame_000041_png.rf.tIEtiDMhC3dKcsUIbmdt.png
5,92,valid,frame_000082_png.rf.A3yfQsSTTSjthfvJwtAZ.png
5,92,valid,frame_000123_png.rf.jjKsgtjkMVMMtyxFG2Sv.png
5,92,valid,frame_000164_png.rf.zwz0rD1uQSF2PDCrIQWr.png
5,92,valid,frame_000205_png.rf.23XjHDEPPyCRQffUgcTC.png
5,92,valid,frame_000246_png.rf.jNkcqTShTX9S6qRgwlgb.png
5,92,valid,frame_000287_png.rf.4Tp5kVknANAaVmQIzPMl.png
5,92,valid,frame_000369_png.rf.VQ0L1kXmgliBsxll4J4i.png
5,92,valid,frame_000410_png.rf.5H1DgVt7gJwaX50bu7JL.png
5,92,valid,frame_000451_png.rf.dNihngRyfiBZ17yN632A.png
5,92,valid,frame_000492_png.rf.IKljb7duYrULIP7lJM7j.png
5,92,valid,frame_000533_png.rf.wF75yPost0hS3PWBMxxZ.png
5,92,valid,frame_000574_png.rf.xEjHB5xEp4jxohi8mAFA.png
5,92,valid,frame_000615_png.rf.pEOXYxaEGQkj4kfSmx7F.png
5,92,valid,frame_000656_png.rf.vITl2xUe3UUAsjySptKX.png
5,92,valid,frame_000697_png.rf.u5ii6MAxJYoazUnCKCM1.png
5,92,valid,frame_000738_png.rf.1tFRucLcVETN1ZLWbxDr.png
5,92,valid,frame_000779_png.rf.at3dAZwbnlWBx4rGSFPN.png
5,92,valid,frame_000820_png.rf.xsC03QjQN6ryPPaane0p.png
5,92,valid,frame_000902_png.rf.LpnETBeHVxVESpBl4tBG.png
5,92,valid,frame_000943_png.rf.c9oL5gMtHz1NPFGdBRWg.png
5,92,valid,frame_000984_png.rf.8ESEaFMpeL6S8cx0waK9.png
5,92,valid,frame_001025_png.rf.OGsB3rDwE7bH3kMQyeRp.png
5,92,valid,frame_001066_png.rf.7vr7aEJMyCNm6X8GHJkA.png
5,92,valid,frame_001107_png.rf.NUl8P8h5X1tPGhiD7Ae9.png
5,92,valid,frame_001148_png.rf.C8W0TwP0agz4CMvnLL7r.png
5,92,valid,frame_001189_png.rf.A1tFjsgqj0PTEe9F7PCr.png
5,92,valid,frame_001230_png.rf.Rc9CLDK3vfXqbJkcZYal.png
5,92,valid,frame_001271_png.rf.99lWhDChMBjI2iki74Tz.png
5,92,valid,frame_001312_png.rf.iLVuijxZPLm0JnRNnWAm.png
5,92,valid,frame_001394_png.rf.HYVYc1RdOk4IFkzVSWa4.png
5,92,valid,frame_001476_png.rf.Xfjvqxv9c3lQLDMZjCdR.png
5,92,valid,frame_001517_png.rf.ZQmgLFgWhcaXZ00PiRAq.png
5,92,valid,frame_001558_png.rf.RO1eHk5arEB9JVdZ5NKV.png
5,92,valid,frame_001599_png.rf.fJREUxou90X6Cdz9bOCO.png
5,92,valid,frame_001640_png.rf.jGL0ZjlVrVo7VhoJuWwa.png
5,92,valid,frame_001763_png.rf.ubp7SWmmlbsG8Hhcl3tf.png
5,92,valid,frame_001804_png.rf.omXIWMGfrWXJA5RaW2r5.png
5,92,valid,frame_001845_png.rf.yKEQsl8wQifPZ8Iewk0P.png
5,92,valid,frame_001886_png.rf.ubsAS38RYtPLz8rYqea9.png
5,92,valid,frame_001927_png.rf.wwhtwI2HWtsgCNS9GfZU.png
5,92,valid,frame_001968_png.rf.z53zutEcvMwaNtQmsn7X.png
5,92,valid,frame_002009_png.rf.abztcHFPFZCt5AtJkidV.png
5,92,valid,frame_002050_png.rf.NnlwcJ3j9wesOSIOZ9xE.png
5,92,valid,frame_002091_png.rf.FIjyoLqewtKPYtNgBOtX.png
5,92,valid,frame_002132_png.rf.lTn6GCJ0Rj9FftKSta6q.png
5,92,valid,frame_002173_png.rf.woNS55ad5oo6iZUP1Trg.png
5,92,valid,frame_002214_png.rf.q32OELLzhN6dLPcVslOt.png
5,92,valid,frame_002255_png.rf.JtG2WkRPqXkvV4SQv9Y3.png
5,92,valid,frame_002296_png.rf.Qbh0OWlsNybCyzx03WPW.png
5,92,valid,frame_002337_png.rf.n7V0ib0tHEulPweHclut.png
5,92,valid,frame_002378_png.rf.aewZZ9YeZNauZcCHZuQl.png
5,92,valid,frame_002419_png.rf.xid0BCMAcMcskxSfQxnq.png
5,92,valid,frame_002460_png.rf.fgBcoCVTNy71cyYNHcRU.png
5,92,valid,frame_002501_png.rf.0P43fxiSXPIoVPJqBgiG.png
5,92,valid,frame_002542_png.rf.knPYrmXh0Y69dMaQ6AHP.png
5,92,valid,frame_002583_png.rf.YPmEVu87uJ7EEExlZuWT.png
5,92,valid,frame_002624_png.rf.bW7PWQdRLxxtCY1dJr8y.png
5,92,valid,frame_002665_png.rf.e68vyErsFyEfQtRPrROl.png
5,92,valid,frame_002706_png.rf.LzyrMWcpKL53ufrhQqq3.png
5,92,valid,frame_002747_png.rf.uPucnqjpbzpdAq3HLdf6.png
5,92,valid,frame_002788_png.rf.eOYKRLFtvxqhIkA2V3jr.png
5,92,valid,frame_002829_png.rf.SMmaS33rrKirsV5XANEq.png
5,92,valid,frame_002911_png.rf.x08jiKDV5kH2tn73F3iY.png
5,92,valid,frame_002952_png.rf.RqyoFXY0VqMNaK4S7sYB.png
5,92,valid,frame_002993_png.rf.EfKyxe8kXMfc0ywc8i1n.png
5,92,valid,frame_003034_png.rf.d3KbgYzSZnMxvhQupL3F.png
5,92,valid,frame_003075_png.rf.2r8fBlXjKEXOkVy1WyCq.png
5,92,valid,frame_003116_png.rf.sEbSMV6EHucmFHMiK9q2.png
5,92,valid,frame_003157_png.rf.sCy44p30U4omuNGAkNiz.png
5,92,valid,frame_003198_png.rf.g235TDmdqo8YL1jgtSU9.png
5,92,valid,frame_003239_png.rf.xUtuMsFCo050Ya0K4uty.png
5,92,valid,frame_003280_png.rf.67wZzIeZYAFl5d5WoVos.png
5,92,valid,frame_003321_png.rf.SA2woxmApQtG9CNS3yTp.png
5,92,valid,frame_003362_png.rf.w5r873IFIQ2CueY6bhT6.png
5,92,valid,frame_003403_png.rf.OLwdgtQiWufUod83T4e8.png
5,92,valid,frame_003444_png.rf.pyk1IwanzIhIPWj36jUp.png
5,92,valid,frame_003485_png.rf.N4mfJ6e2ztFL2im8L6AC.png
5,92,valid,frame_003526_png.rf.XQCW01uqPdiEd1XokXcd.png
5,92,valid,frame_003567_png.rf.XMOb4vse6si4cqh7JQXZ.png
5,92,valid,frame_003608_png.rf.7luvHj78JA4Awxnssh3k.png
5,92,valid,frame_003649_png.rf.KLSEYK9zajVGeNR47IeU.png
5,92,valid,frame_003690_png.rf.gVeVsvPxiufvIBkN5wJE.png
5,92,valid,frame_003813_png.rf.W05bqoMSKDDx924Nns0c.png
5,92,valid,frame_003854_png.rf.0rJ30onjERlDJ9p2lemS.png
5,92,valid,frame_003895_png.rf.TKe5UUsaQLsr9QFB6ns7.png
5,92,valid,frame_003936_png.rf.yYdPqmM0Bb0xYZOPovQx.png
5,92,valid,frame_003977_png.rf.Qa71bgBkgpQnjFJrfCnl.png
5,92,valid,frame_004018_png.rf.lWDhZjNxVghLv5ylhWKF.png
5,92,valid,frame_004059_png.rf.swJAEgDy5ng58o4KiVU8.png
5,92,valid,frame_004100_png.rf.RZyxlKuCijrcRpnXprsf.png
6,81,train,frame_000000_png.rf.F3HZSg5woOJXWM61mWOi.png
6,81,train,frame_000045_png.rf.f6eRkopCdLOz7DuRcC7h.png
6,81,train,frame_000090_png.rf.SsWs61vDoXbTFXgYL6xF.png
6,81,train,frame_000135_png.rf.m3RHtJa833o7aAEINK9y.png
6,81,train,frame_000180_png.rf.8yrXtoZum2ieoBARspGS.png
6,81,train,frame_000225_png.rf.FzBEsH7J1nnb76GcZvwx.png
6,81,train,frame_000270_png.rf.tfRpEV82o7R9lzy6xtjf.png
6,81,train,frame_000315_png.rf.0AdTXUjzVRk6ATYmrUNi.png
6,81,train,frame_000360_png.rf.pHdrNIkTwsZMNrKfgChi.png
6,81,train,frame_000405_png.rf.M6IMu30edbuaX8sfUS4s.png
6,81,train,frame_000450_png.rf.SrhjssxR1TKVoPkvmk1V.png
6,81,train,frame_000495_png.rf.oE5v5g4PI1VGNAYLbocL.png
6,81,train,frame_000630_png.rf.HmtxPycHTZupPle5uEJQ.png
6,81,train,frame_000675_png.rf.X09Rl3fAyal1eHWH4idz.png
6,81,train,frame_000720_png.rf.CQRHGNu24FcxXjz8qv6c.png
6,81,train,frame_000900_png.rf.3TfIjELTkbeZEorP0Zkn.png
6,81,train,frame_000945_png.rf.Heol5lALBu2rmcggZevz.png
6,81,train,frame_000990_png.rf.ATIjDgTP4Hx51PvWtIje.png
6,81,train,frame_001035_png.rf.nOA8Dllvp9WIpcfJ3wVf.png
6,81,train,frame_001080_png.rf.rw2yy9vFoJwHZDVxS8Xt.png
6,81,train,frame_001125_png.rf.bz5PXFXbrya5eUjdnKUn.png
6,81,train,frame_001170_png.rf.MBw9Pvu3Zi6I8U5N8KTI.png
6,81,train,frame_001215_png.rf.wbTOrx8airTbQmCTcqbC.png
6,81,train,frame_001260_png.rf.2V0flxatraDZ6Qx7JfC1.png
6,81,train,frame_001305_png.rf.v5U9xfxq98kIINeBn1xE.png
6,81,train,frame_001350_png.rf.lBQ2oDLFhLAXs8uqriGZ.png
6,81,train,frame_001395_png.rf.1TBlo7YhFHIjGOF0vdlC.png
6,81,train,frame_001440_png.rf.6pQFbkXuZJfS1Z3xaEg7.png
6,81,train,frame_001485_png.rf.j5UaMGoDrIfswi46V3Jk.png
6,81,train,frame_001530_png.rf.wm5sQBw74ohvYbpq1UPD.png
6,81,train,frame_001575_png.rf.L16kSuSBrmLLp5ovvi1O.png
6,81,train,frame_001620_png.rf.VLZ8c26KxPi9UluzvqOR.png
6,81,train,frame_001665_png.rf.7eKig1UhAC6PUNdYtVuM.png
6,81,train,frame_001710_png.rf.MnUwaPV0AV546p1Z1F2W.png
6,81,train,frame_001755_png.rf.B0PX9by0S4CoYAq3D7lK.png
6,81,train,frame_001800_png.rf.VHuzFfsKMnNi9MGf3WjH.png
6,81,train,frame_001845_png.rf.e10jl11E3X06DTLRZIV5.png
6,81,train,frame_001890_png.rf.yuz8vdKMPNneafuvOI6A.png
6,81,train,frame_001935_png.rf.Vh5ulnYn79mHsXkTnPmw.png
6,81,train,frame_001980_png.rf.lzDZefHOoKyQKffN4Oh3.png
6,81,train,frame_002025_png.rf.o5ORNC6iHRCXhOZeD7vb.png
6,81,train,frame_002070_png.rf.vbGzpjas3TtSUD6GYB44.png
6,81,train,frame_002115_png.rf.4PhPZh6wtBfmt7xACW5Z.png
6,81,train,frame_002160_png.rf.4EOjh542bU8ZptOxc4gt.png
6,81,train,frame_002205_png.rf.pifXQvN27hYsgORdbrZU.png
6,81,train,frame_002250_png.rf.AM9EBmK5l9SDqGtMaxeB.png
6,81,train,frame_002295_png.rf.jSQeI7BM9TSay3WqQ4OW.png
6,81,train,frame_002385_png.rf.bGpt5HDSclGpnCrnaIBb.png
6,81,train,frame_002430_png.rf.dCpslAs4tNuUIqcj3nVX.png
6,81,train,frame_002475_png.rf.nB1rqCRCXJwJNLOVXiGJ.png
6,81,train,frame_002520_png.rf.lwBOfYsqjPwjtM9ezEIp.png
6,81,train,frame_002565_png.rf.PQC1t2VdZ3dcq8kmHGxU.png
6,81,train,frame_002610_png.rf.CruJtOa1WMzqcpQcL6Qb.png
6,81,train,frame_002655_png.rf.a80Z8uBleb0XPVSISHCO.png
6,81,train,frame_002700_png.rf.JykjJAjj1y7k9gS7uZM3.png
6,81,train,frame_002745_png.rf.XWxhgW2f7FmQ6NZfuvQY.png
6,81,train,frame_002790_png.rf.V9HUza70SwxyAtrkEB7M.png
6,81,train,frame_002835_png.rf.HViu0QlA0f0ZpiCMd6tS.png
6,81,train,frame_002880_png.rf.1RP7ZHWFxMNtnCiZgRQv.png
6,81,train,frame_002925_png.rf.todY6ijhoYJRbb7cnCXF.png
6,81,train,frame_002970_png.rf.7xQf2vFmCi7RzPfr5R2v.png
6,81,train,frame_003015_png.rf.cctRzayHu1ZkREpbF7PP.png
6,81,train,frame_003060_png.rf.A2VkOn8Y3E8zjQXgNMeY.png
6,81,train,frame_003105_png.rf.M7l59eVzWtv9pdfFOtkX.png
6,81,train,frame_003285_png.rf.IGPfm6sNjm0oNGK8SY0y.png
6,81,train,frame_003465_png.rf.ZT2mG4q4WREtd0bkP5BS.png
6,81,train,frame_003510_png.rf.IsVVqFAdGwpokOPLlqOO.png
6,81,train,frame_003555_png.rf.84uLnjJUTswyVRoDz2en.png
6,81,train,frame_003600_png.rf.E8DhgGkGKYMGu5YZsSHD.png
6,81,train,frame_003645_png.rf.KIPkW6boQpG1xNBSaNhd.png
6,81,train,frame_003690_png.rf.SPFfAmW7iQDVvV4z5byF.png
6,81,train,frame_003735_png.rf.EhFC5iC0MYCjn1FtDUxQ.png
6,81,train,frame_003780_png.rf.qJQleGPiT46oYK9vwwbT.png
6,81,train,frame_003825_png.rf.aBkRd6hh8FApcahWdodV.png
6,81,train,frame_003870_png.rf.E7wC9NxUoFZLIC1eQZyP.png
6,81,train,frame_003915_png.rf.ot3apojzN7LFzwLRv7bg.png
6,81,train,frame_003960_png.rf.yGjnc7PSPDebHcjA1d56.png
6,81,train,frame_004095_png.rf.NiuX3txgw90K2Ov5wuqD.png
6,81,train,frame_004140_png.rf.NcWHIw02iGifl8CWZPqZ.png
6,81,train,frame_004410_png.rf.xr2Ba4ChIAoYYxxmtvJa.png
6,81,train,frame_004500_png.rf.hjUTsCkettIkH4mJznEF.png
7,55,train,frame_000000_png.rf.CanZOGXddDwCHXkccZ5H.jpg
7,55,train,frame_000010_png.rf.UD0vXs9BcGEi32mNjLwn.jpg
7,55,train,frame_000020_png.rf.sxTtxFAriqk4iAWpW1jf.jpg
7,55,train,frame_000030_png.rf.hyxrr1v9zrYU4Q85DxYP.jpg
7,55,train,frame_000040_png.rf.pBL8VlmascfscPNkib6L.jpg
7,55,train,frame_000050_png.rf.VNVrsvt2ZLyqFyxsDogu.jpg
7,55,train,frame_000060_png.rf.HDxIDpRrC7wN9FtVcDex.jpg
7,55,train,frame_000070_png.rf.q1nZcC2B9qAi9BPRKr9x.jpg
7,55,train,frame_000080_png.rf.eMLxZuBarWLsG0yF47ve.jpg
7,55,train,frame_000090_png.rf.NnJQH4RJhsLoFPRBYShT.jpg
7,55,train,frame_000100_png.rf.hHfw9kS2ZfLAM36fPPOU.jpg
7,55,train,frame_000110_png.rf.q14bkQYnwa3CfMZ4sPBn.jpg
7,55,train,frame_000120_png.rf.5KH9sTsncLFkWVgQfzbC.jpg
7,55,train,frame_000130_png.rf.EBiwB4x6Xe7LdVPulGkx.jpg
7,55,train,frame_000140_png.rf.xs7MUejmwFh4XhF8ehYJ.jpg
7,55,train,frame_000150_png.rf.odu94OvQJWGArjb49Wrx.jpg
7,55,train,frame_000160_png.rf.nqhtuTmwU6gu0hXwNFsA.jpg
7,55,train,frame_000170_png.rf.roYfxVdK8ej0kBDcX9PG.jpg
7,55,train,frame_000180_png.rf.Wt0dNHUkzpB7zGkgRZJz.jpg
7,55,train,frame_000190_png.rf.OhGsiIaq35OaeFVuIvvj.jpg
7,55,train,frame_000200_png.rf.xkhfu0bLGqJ8l2papJ0M.jpg
7,55,train,frame_000210_png.rf.VlMKJLLEaL3OS8I6y6zp.jpg
7,55,train,frame_000220_png.rf.rFKuWqFfCSUoDAn8APKQ.jpg
7,55,train,frame_000230_png.rf.WOkTjtnGwmQz9cUzN2ue.jpg
7,55,train,frame_000240_png.rf.j0gecvqTYKdeaISlTZIq.jpg
7,55,train,frame_000250_png.rf.qCgGP5KqRr94uiOhCe3w.jpg
7,55,train,frame_000260_png.rf.AlhShesJwOVndKCYQr56.jpg
7,55,train,frame_000270_png.rf.rgottvzerIofj9TQOyAE.jpg
7,55,train,frame_000280_png.rf.gCnDIXD8DPr6bJCrQhgP.jpg
7,55,train,frame_000290_png.rf.x36TokKqUUvUOrMQhbSi.jpg
7,55,train,frame_000300_png.rf.7knUVuPlcHSLkgL6Y30e.jpg
7,55,train,frame_000310_png.rf.Jz9qSFLZZCVvm8WItKXP.jpg
7,55,train,frame_000320_png.rf.c6F6Ax4EdGAWV37tjX9K.jpg
7,55,train,frame_000330_png.rf.rwPjpaRG8KoMgFSoDL6e.jpg
7,55,train,frame_000340_png.rf.CBtfSe8WurnnlUyYsNV5.jpg
7,55,train,frame_000350_png.rf.NnI5TqImHMd5aKxzlb3i.jpg
7,55,train,frame_000360_png.rf.fKkYkpgFgunUvq6aflgu.jpg
7,55,train,frame_000370_png.rf.MK6JehLOxp1DYSUKIJEK.jpg
7,55,train,frame_000380_png.rf.KsMPnP13S6LE8O0PGMVe.jpg
7,55,train,frame_000390_png.rf.5QpfHCCHuxFsxUqjJKIs.jpg
7,55,train,frame_000410_png.rf.1ZbgsMR8XWHoiVnhmP9H.jpg
7,55,train,frame_000420_png.rf.OPJ9J2wotZffjYNfkbXn.jpg
7,55,train,frame_000430_png.rf.m6yh3GKXbdy0X68jk1ZR.jpg
7,55,train,frame_000440_png.rf.1LmofmgQ2KDfytC0Z10r.jpg
7,55,train,frame_000450_png.rf.xa8bN006Z98xK6F9SlBJ.jpg
7,55,train,frame_000460_png.rf.QtQXBsTM5LDCCCnyAl2U.jpg
7,55,train,frame_000470_png.rf.lAiJ0eCrEwMN2ZU8rvVH.jpg
7,55,train,frame_000480_png.rf.BlGyuh8Ks34fmPtikyz3.jpg
7,55,train,frame_000490_png.rf.VJHo4ihUng0MulQoL2Eu.jpg
7,55,train,frame_000500_png.rf.Su4zpEDcXboIbqodqF19.jpg
7,55,train,frame_000510_png.rf.pLGtxWlZVxP1Qqe3Qc2W.jpg
7,55,train,frame_000520_png.rf.q9FtQrEeoi51Go1gu5AB.jpg
7,55,train,frame_000530_png.rf.PJJ3dkT37C6NuRhZbT7z.jpg
7,55,train,frame_000540_png.rf.HWANCWsUbwbMx3YVLc8Y.jpg
7,55,train,frame_000550_png.rf.v4AsemB77NM3OVJE9tkS.jpg
8,51,train,frame_000000_jpg.rf.D1HIkudUQF4orSpKe5Io.jpg
8,51,train,frame_000180_jpg.rf.03iMdBY16cDqzVjrv4D6.jpg
8,51,train,frame_000360_jpg.rf.DABmKyFLp7NHqaRvmniF.jpg
8,51,train,frame_000540_jpg.rf.YjrIdnfNfqciokApriPt.jpg
8,51,train,frame_000720_jpg.rf.KsXv4LmrOTtCpWlQuh51.jpg
8,51,train,frame_000900_jpg.rf.KMkFwhmtyC9ZGEjURQ70.jpg
8,51,train,frame_001080_jpg.rf.yQURqpxMw4gA1199cDt0.jpg
8,51,train,frame_001260_jpg.rf.l3H4yBYw7lilWwajjEA8.jpg
8,51,train,frame_001440_jpg.rf.rESqUk8RmQ7D7hCjuVxB.jpg
8,51,train,frame_001620_jpg.rf.tv0nk6bedkL0mwlQACAX.jpg
8,51,train,frame_001800_jpg.rf.F3eOKO25P215dB8gkZy6.jpg
8,51,train,frame_001980_jpg.rf.WvQbxSsGKJw0mLCW59IN.jpg
8,51,train,frame_002160_jpg.rf.M8f3syvywvXDgf6wheJ6.jpg
8,51,train,frame_002340_jpg.rf.cInC42Njcvw2bWCGbvxI.jpg
8,51,train,frame_002520_jpg.rf.4n7NzJ5X3W0KhoxGpW8j.jpg
8,51,train,frame_002700_jpg.rf.zHoVFbfTCo2FfacElJ2k.jpg
8,51,train,frame_002880_jpg.rf.km6ufqdSa3jJN4ai7j1y.jpg
8,51,train,frame_003060_jpg.rf.qvarBDW1zXl6sUmhKeSq.jpg
8,51,train,frame_003240_jpg.rf.EvBSmKLNYzkaZAjCZgKw.jpg
8,51,train,frame_003420_jpg.rf.oemiowiPyhJMq6idoAIG.jpg
8,51,train,frame_003600_jpg.rf.VGa9Y2rguIk4fQrO0lz3.jpg
8,51,train,frame_003780_jpg.rf.8WRKoJn6dxs9X2g31h08.jpg
8,51,train,frame_003960_jpg.rf.v1gV5qtfIsdAyw5pKMqd.jpg
8,51,train,frame_004140_jpg.rf.gGxJrFNScce3Vt7ODs0P.jpg
8,51,train,frame_004320_jpg.rf.7UikAWEYdf3ai7TWeZdL.jpg
8,51,train,frame_004500_jpg.rf.6cfsLSp4r5PEzKdmtMMO.jpg
8,51,train,frame_004680_jpg.rf.aGxqEy7wxLp9VYXfTJk1.jpg
8,51,train,frame_004860_jpg.rf.61kuU75kKTtKWuQhtdR7.jpg
8,51,train,frame_005040_jpg.rf.nykpeB8txPDSbSqCBTwy.jpg
8,51,train,frame_005220_jpg.rf.pwGK2T9ba8jBrMUld7V1.jpg
8,51,train,frame_005400_jpg.rf.qRQKcCnZFdJTJgf68jOG.jpg
8,51,train,frame_005580_jpg.rf.KsDPyWbGjDCAdKb3ybDs.jpg
8,51,train,frame_005760_jpg.rf.phdlIqceGGzgLfKBeafz.jpg
8,51,train,frame_005940_jpg.rf.rf8Tjj0DBfjOXw2FCDYG.jpg
8,51,train,frame_006120_jpg.rf.LCUBc2h80cja66L5oflB.jpg
8,51,train,frame_006300_jpg.rf.oSQmfF4BUhgbRPOONwhx.jpg
8,51,train,frame_006480_jpg.rf.x9OhgTfymiJaeY7pEmUE.jpg
8,51,train,frame_006660_jpg.rf.gLf8ZmjEK2o825IpMZrO.jpg
8,51,train,frame_006840_jpg.rf.jv3wOtq5Q1zuC29IlBgK.jpg
8,51,train,frame_007020_jpg.rf.hLuaB6z34Y3lgfwJaBtp.jpg
8,51,train,frame_007200_jpg.rf.w0uG4L65YFEpNAdg6x47.jpg
8,51,train,frame_007380_jpg.rf.nwea5cZJBGI0GbUaDuZI.jpg
8,51,train,frame_007560_jpg.rf.KujlvBdNDJ9dxDRfb7kj.jpg
8,51,train,frame_007740_jpg.rf.GKyLfy3PBR5Qz28woyR0.jpg
8,51,train,frame_007920_jpg.rf.A1GsAgHjCGXe1QkQRrOs.jpg
8,51,train,frame_008100_jpg.rf.5VWrT3tz4pmqOIRXgCvb.jpg
8,51,train,frame_008280_jpg.rf.SGWWV37PgRwjeyE7FJC1.jpg
8,51,train,frame_008460_jpg.rf.Cmq8EFjxqf3i6JbPrgI2.jpg
8,51,train,frame_008640_jpg.rf.6xPMPFExZTzBJN5kYGJO.jpg
8,51,train,frame_008820_jpg.rf.IThhmjmXWbdIBiyB55zu.jpg
8,51,train,frame_009000_jpg.rf.iASph68oLLDH8qk5HlF2.jpg
9,49,train,frame_000000_png.rf.t2x1nrO3h8CHsXKSbJ8T.png
9,49,train,frame_000108_png.rf.p3lSHO7GLokPjTKty21C.png
9,49,train,frame_000216_png.rf.WVkIVFMFIJxdgMfPoLVN.png
9,49,train,frame_000324_png.rf.2YFeSHOOfVaNvRMJJoFw.png
9,49,train,frame_000432_png.rf.UbVZu5kWIRdO2XlzoBAv.png
9,49,train,frame_000540_png.rf.fhQRrS94znySXrNxJKmy.png
9,49,train,frame_000648_png.rf.UrmxgyxwYpeH5fG2Jtum.png
9,49,train,frame_000756_png.rf.OeiuxhKLmADuGMIu2huB.png
9,49,train,frame_000864_png.rf.5ntBqp8G68nDz33OlEIv.png
9,49,train,frame_000972_png.rf.tcKUgsDfIoa0rz6rwT0M.png
9,49,train,frame_001080_png.rf.XfhtRfeMTUI2lXSr1wLM.png
9,49,train,frame_001296_png.rf.YqQtDRYIfutDyJJOHOs3.png
9,49,train,frame_001404_png.rf.1qsXYQAPHgecvYPgnkOZ.png
9,49,train,frame_001512_png.rf.N6jJM2UOXfaZvSkX67UC.png
9,49,train,frame_001620_png.rf.fLS0tBR6heh2Tsk7t1BA.png
9,49,train,frame_001728_png.rf.dJAWzxhz2zVWgNoENqFZ.png
9,49,train,frame_001836_png.rf.jRBvCcYPA3ed6HPCvS24.png
9,49,train,frame_001944_png.rf.E5eHbdC9eRKhDWRhT4ER.png
9,49,train,frame_002160_png.rf.pTmT7gYKNw5HHE3jzB0R.png
9,49,train,frame_002268_png.rf.vjGR8S8lapQ4KQOQUN2m.png
9,49,train,frame_002376_png.rf.lRSPQEOJC0abd5qsyxme.png
9,49,train,frame_002484_png.rf.PRhFAKuOqzDPA2WpRiCO.png
9,49,train,frame_002592_png.rf.w8JqFxHXDd7yl9iRVeMZ.png
9,49,train,frame_002700_png.rf.kjkCJtDww9XV6VVOqDEO.png
9,49,train,frame_002808_png.rf.WfgsD8XptR6h6seWpQtW.png
9,49,train,frame_002916_png.rf.KsBHm1LUCxr5pTx8lNu4.png
9,49,train,frame_003024_png.rf.t0OBTwrbdJWmnwu7JiI1.png
9,49,train,frame_003132_png.rf.XFzgOaPNx7fWIubphm0j.png
9,49,train,frame_003240_png.rf.O3M9rRkaztieSH2ZrKZU.png
9,49,train,frame_003348_png.rf.bmDhWHUPfJ8n7Nes2jtu.png
9,49,train,frame_003456_png.rf.uWEmcoJfzaCBpmZe5UgS.png
9,49,train,frame_003564_png.rf.pDSKqEbxlUKmhwvPYUc3.png
9,49,train,frame_003672_png.rf.usaIlJKMIfzf9bod4KfK.png
9,49,train,frame_003780_png.rf.VFbPQkdtEDUn9PinV1Ew.png
9,49,train,frame_003888_png.rf.LMl7D3CWT5UqVZFDtqhB.png
9,49,train,frame_003996_png.rf.TKU87iKUm7jqMpLg2OXh.png
9,49,train,frame_004104_png.rf.ZHbG5C8eyBWYVFDywXdv.png
9,49,train,frame_004212_png.rf.kKe4UOKrXVaUe3DWmXAF.png
9,49,train,frame_004320_png.rf.yRsESZOCtaYixLOnQE7V.png
9,49,train,frame_004428_png.rf.giSIBJcYiQPf6ac9tdgQ.png
9,49,train,frame_004536_png.rf.Dw1uFi876RW5EiudH8uV.png
9,49,train,frame_004644_png.rf.6iCwiv8yln0ZQpBflI0g.png
9,49,train,frame_004752_png.rf.0ruF34p7ltQqKi0h7T7a.png
9,49,train,frame_004860_png.rf.dHd4ul2YcfNExeByaUPI.png
9,49,train,frame_004968_png.rf.za8gPNsaPkOD9ZNmWjtk.png
9,49,train,frame_005076_png.rf.fjYoB2VhxCQ7AxoIdiaj.png
9,49,train,frame_005184_png.rf.ys2OdNgqBKUYXlyJXWxf.png
9,49,train,frame_005292_png.rf.UQXQ2KUAmfpYS4HXCsjC.png
9,49,train,frame_005400_png.rf.ScfTtPnVVhfSeWaYC1Ex.png
10,49,train,frame_000000_png.rf.vd74z4nTsHwE54WGrGPC.jpg
10,49,train,frame_000113_png.rf.srzsF6xxscmjQxSNmr92.jpg
10,49,train,frame_000226_png.rf.3okmItJzZcEM8KtvLCzj.jpg
10,49,train,frame_000339_png.rf.Y1MIVft6PSpDU8mDOZNO.jpg
10,49,train,frame_000452_png.rf.ZbV02kcDScGYdfh9G82o.jpg
10,49,train,frame_000678_png.rf.xLAyaGfoi5pBB2wub6mg.jpg
10,49,train,frame_000791_png.rf.X5NDJSlmoX4aYo7JuDHb.jpg
10,49,train,frame_000904_png.rf.qq7YYxHOA2O9gmKzC0Fv.jpg
10,49,train,frame_001017_png.rf.vmhgyK7ursO9laOKehaq.jpg
10,49,train,frame_001130_png.rf.Ene7zQGg0avSHh9Yi1bO.jpg
10,49,train,frame_001243_png.rf.w0EhRYnkeaZzZKBlYARA.jpg
10,49,train,frame_001356_png.rf.P3tctIYlC1x3zeov5DR4.jpg
10,49,train,frame_001469_png.rf.YbifDzPQDXUBmHvGbCVv.jpg
10,49,train,frame_001582_png.rf.zfnlNNNjInEv2MjHW6hr.jpg
10,49,train,frame_001695_png.rf.iHC7WfZFGOEWFewOXvqH.jpg
10,49,train,frame_001808_png.rf.oR55sILQQJDwd5klnOuJ.jpg
10,49,train,frame_001921_png.rf.LVgWMCsWr7Utn7YiB0cv.jpg
10,49,train,frame_002034_png.rf.xu69qLGCdNq3jnphfNxh.jpg
10,49,train,frame_002147_png.rf.Dbx0Oon35Q5nPdpzHfzg.jpg
10,49,train,frame_002260_png.rf.a5VkJCxCxQudH8GSP1aV.jpg
10,49,train,frame_002373_png.rf.qR1VL8cnG8rKwuxRctHE.jpg
10,49,train,frame_002486_png.rf.HYcDfz7v7g300VEqGSED.jpg
10,49,train,frame_002599_png.rf.HIvSfRflM6KBfmzn6N1T.jpg
10,49,train,frame_002712_png.rf.wIpaitxlwH1Znpp3vbN6.jpg
10,49,train,frame_002825_png.rf.u57BTTGRGEPq2ZblIByp.jpg
10,49,train,frame_002938_png.rf.Le9DMI7F9ZB7M6AyihRY.jpg
10,49,train,frame_003051_png.rf.40iuLD2bXycXFfl4emPo.jpg
10,49,train,frame_003164_png.rf.Fj86TlOLGLOXEG32EcRX.jpg
10,49,train,frame_003277_png.rf.64J8UY0mzbjC9jCtqMVR.jpg
10,49,train,frame_003390_png.rf.1gIQIqnRXMx0nCUVH0SJ.jpg
10,49,train,frame_003503_png.rf.FYbV7iHufmk2nZcxHttU.jpg
10,49,train,frame_003616_png.rf.EgaNWM9KNEMdkjPqkn1l.jpg
10,49,train,frame_003729_png.rf.fP1voy8k8RYh1O2lirn8.jpg
10,49,train,frame_003842_png.rf.DcqVnSrkhClYLfHWQl3V.jpg
10,49,train,frame_003955_png.rf.DvQB8vAT6ObCOLysQslp.jpg
10,49,train,frame_004068_png.rf.RpiI6PNsTIJqfgFiNPfI.jpg
10,49,train,frame_004181_png.rf.xSrAPXyGSEeRqeHgZi8h.jpg
10,49,train,frame_004294_png.rf.fDIrdLUCpFEUOv7mrJjZ.jpg
10,49,train,frame_004407_png.rf.AwZlSg40jXlL6GettCkF.jpg
10,49,train,frame_004520_png.rf.ZEttl6aqafs7vWJjCeA9.jpg
10,49,train,frame_004633_png.rf.kBnwMz5guQiPnZLhgLV2.jpg
10,49,train,frame_004746_png.rf.6jhprroeSgkIuY4steSi.jpg
10,49,train,frame_004859_png.rf.j8LjAIh6oiVffg0CISpY.jpg
10,49,train,frame_004972_png.rf.32ATNz5RKFRsh59arerL.jpg
10,49,train,frame_005085_png.rf.JcD5xc3eew8SDeuPCBdI.jpg
10,49,train,frame_005198_png.rf.gJhWsA1QRud40PvSHEh0.jpg
10,49,train,frame_005311_png.rf.7wCGP33H2cu5OQ9wwH9G.jpg
10,49,train,frame_005537_png.rf.3McRJ8xfhnqMuvAIflpp.jpg
10,49,train,frame_005650_png.rf.vuOFiAViM1seeghlkTHo.jpg
11,48,train,frame_000000_jpg.rf.Qiahkh4BlJQzQgFAOMoV.jpg
11,48,train,frame_000360_jpg.rf.LhmogmadRrjVBkW2ZRSr.jpg
11,48,train,frame_000540_jpg.rf.vUhWR2GlgaDJmxFik4Im.jpg
11,48,train,frame_000720_jpg.rf.xzB1MUlhOqrpuY3V9b9v.jpg
11,48,train,frame_000900_jpg.rf.pbD2Gw4a7XgEFvqPbKhe.jpg
11,48,train,frame_001080_jpg.rf.BhTJz6vUz7rtGpBb5pnC.jpg
11,48,train,frame_001260_jpg.rf.mic3uJiOFXEQAeDdJoVt.jpg
11,48,train,frame_001440_jpg.rf.T6uSUddaieYuoHIXzopp.jpg
11,48,train,frame_001620_jpg.rf.vN0sqCc2oFdz2ekMbtKk.jpg
11,48,train,frame_001800_jpg.rf.7FtWWMHm70Cr0jUOb9Q3.jpg
11,48,train,frame_001980_jpg.rf.MDb6wrJPLYHZi3KRk9ui.jpg
11,48,train,frame_002160_jpg.rf.KsCSnHuX9URJZlBXRlEN.jpg
11,48,train,frame_002340_jpg.rf.nrCkFBE2agK5aEBJG4I4.jpg
11,48,train,frame_002520_jpg.rf.QxKJEkURkIXMmHGrVGxY.jpg
11,48,train,frame_002700_jpg.rf.Yu9pIrCIXcsHcCJfdDwn.jpg
11,48,train,frame_002880_jpg.rf.MQDaqJXo8u5zItYAe911.jpg
11,48,train,frame_003060_jpg.rf.d6820sbMUtmvEX4QagQq.jpg
11,48,train,frame_003240_jpg.rf.TLMo25ixkQqCh6QkbMI3.jpg
11,48,train,frame_003420_jpg.rf.ENsS1qvAPHAJFcCX4aOE.jpg
11,48,train,frame_003600_jpg.rf.ZAo0suWIpisDPhl2JK53.jpg
11,48,train,frame_003780_jpg.rf.Wsg554Mq5XHx67uugEcV.jpg
11,48,train,frame_003960_jpg.rf.btxsuFlTDdb3L6SkVMJ6.jpg
11,48,train,frame_004140_jpg.rf.3OxhobUxQUKv7pwpqExJ.jpg
11,48,train,frame_004320_jpg.rf.0BTYufDhwZWicmZFZNJP.jpg
11,48,train,frame_004500_jpg.rf.Dld5NlPsywtkDQBXbJdn.jpg
11,48,train,frame_004680_jpg.rf.5OGn0HNdkFURpNy7Nk39.jpg
11,48,train,frame_004860_jpg.rf.x6OESBq4CAo52guUBwLc.jpg
11,48,train,frame_005040_jpg.rf.9Ct8f8Si2ya5gRksdIow.jpg
11,48,train,frame_005220_jpg.rf.Eh46KqCqO2JCbqzS3apu.jpg
11,48,train,frame_005400_jpg.rf.heJXmJQfhYTtf2RjW1Zk.jpg
11,48,train,frame_005580_jpg.rf.vYvTvX6PmzZdC7ecjq5A.jpg
11,48,train,frame_005760_jpg.rf.c5QEWAQgs9kRAoXZKbCL.jpg
11,48,train,frame_005940_jpg.rf.N5ILd3LtnInqjx8Maltu.jpg
11,48,train,frame_006120_jpg.rf.QZ6qnhcYpyrFdxdcPfcx.jpg
11,48,train,frame_006300_jpg.rf.9kevBVlqNZmjOjMomWDo.jpg
11,48,train,frame_006480_jpg.rf.c2hUJxb3umDQRhwq0iHq.jpg
11,48,train,frame_006660_jpg.rf.JE376A1ZOA76K6yU26tX.jpg
11,48,train,frame_006840_jpg.rf.YxSNfl09AleTbZwCcCQO.jpg
11,48,train,frame_007020_jpg.rf.IQBGoxfmGODKYH3vi2Hw.jpg
11,48,train,frame_007560_jpg.rf.PoPi0jNEfHEkuKfsJqAd.jpg
11,48,train,frame_007740_jpg.rf.ZixZmgYBV33MbXhX2uCd.jpg
11,48,train,frame_007920_jpg.rf.KWhVyz8j8y77CpNxgA9K.jpg
11,48,train,frame_008100_jpg.rf.eKsc0cpiQ0wdsjwiA7RT.jpg
11,48,train,frame_008280_jpg.rf.R6IqFh9xreXlUZJFBBC3.jpg
11,48,train,frame_008460_jpg.rf.FOBFFNEz40nGtpxEeQzC.jpg
11,48,train,frame_008640_jpg.rf.Ldpw8DXYu5ez8s1D5yxo.jpg
11,48,train,frame_008820_jpg.rf.JmnvBshlTMcjraSdNHPK.jpg
11,48,train,frame_009000_jpg.rf.jhsFjRYovHirs81vvRJm.jpg
12,46,train,frame_000324_jpg.rf.2mUzoIzlAsZeuYam6yzS.jpg
12,46,train,frame_000432_jpg.rf.BmzwWlXktKvjKrJyeSrB.jpg
12,46,train,frame_000540_jpg.rf.J984aU57cbH08Sa8p2yq.jpg
12,46,train,frame_000648_jpg.rf.iqoejcBG7vphhm1eH26E.jpg
12,46,train,frame_000756_jpg.rf.WEFmQOO4RgvBtyH4wg95.jpg
12,46,train,frame_000864_jpg.rf.hsnsLwbEfegIhaKRfazX.jpg
12,46,train,frame_000972_jpg.rf.CZKjd5O12Q5J9AVdInEA.jpg
12,46,train,frame_001080_jpg.rf.rspRkUJ0YinHMhJfZq9U.jpg
12,46,train,frame_001188_jpg.rf.srb7pUXDQLFAMDpxkIGr.jpg
12,46,train,frame_001296_jpg.rf.OLnSEyf5tRpRvs49svVZ.jpg
12,46,train,frame_001404_jpg.rf.S7vWuOLbxJwLxovweqaZ.jpg
12,46,train,frame_001512_jpg.rf.b5j2Q376ByIdqISh1iQw.jpg
12,46,train,frame_001620_jpg.rf.6iY8ce0d0MjmdAKYQB0P.jpg
12,46,train,frame_001728_jpg.rf.IAoeNCu8JnKBCqS2WLTF.jpg
12,46,train,frame_001836_jpg.rf.FV0xwV1SCcUNPtlZgS5s.jpg
12,46,train,frame_001944_jpg.rf.jTdtlQpKWZsTZzkdoMzM.jpg
12,46,train,frame_002052_jpg.rf.QkrD4FeG7fPwVpuowsUX.jpg
12,46,train,frame_002160_jpg.rf.LuszPeSps4JiDF9zdP29.jpg
12,46,train,frame_002268_jpg.rf.Fjx7beAZzkZfbi8cV6Dg.jpg
12,46,train,frame_002376_jpg.rf.ZojalZgpaOQoLsQSUfwQ.jpg
12,46,train,frame_002484_jpg.rf.C9cuI5E3MnTbHjG8mq4p.jpg
12,46,train,frame_002592_jpg.rf.gK1yFSQ0AvRRmEy7DNhY.jpg
12,46,train,frame_002700_jpg.rf.W8WTKmMM83wo9VYx6NM5.jpg
12,46,train,frame_002916_jpg.rf.qJSknyXxi2aVs4HZ0ZIQ.jpg
12,46,train,frame_003024_jpg.rf.6bPwobBa2rlxreQJqvZp.jpg
12,46,train,frame_003132_jpg.rf.9r6MCgUmMlTD3t8BKb9S.jpg
12,46,train,frame_003240_jpg.rf.MevVI8hBvHSi2FXUKB3U.jpg
12,46,train,frame_003456_jpg.rf.VeT4c2FrfpM11t4UTT3Q.jpg
12,46,train,frame_003564_jpg.rf.k5UJCMNc2bggMVnTWTZz.jpg
12,46,train,frame_003672_jpg.rf.MJz46EECZLxxnXSX6WWn.jpg
12,46,train,frame_003780_jpg.rf.CELoXuAlaKEIKe5zDt9Y.jpg
12,46,train,frame_003888_jpg.rf.noeBMaolUJwYW3HI3Uly.jpg
12,46,train,frame_003996_jpg.rf.08lSqzdIFJR2xJRoMNlD.jpg
12,46,train,frame_004104_jpg.rf.nxkrELpqlLvRDZZus53k.jpg
12,46,train,frame_004212_jpg.rf.44a0QkcZixAbK5QbzwVW.jpg
12,46,train,frame_004320_jpg.rf.AcZrQAqpa2fVuiLJIABa.jpg
12,46,train,frame_004428_jpg.rf.7FFHTbSEZzAmnTVtRuqm.jpg
12,46,train,frame_004536_jpg.rf.Qv2klR8riQpXJdwKXXOQ.jpg
12,46,train,frame_004644_jpg.rf.D70Ntq8naCRLXKyLkFWI.jpg
12,46,train,frame_004752_jpg.rf.QeD9hICr5W12Ejc2BdiQ.jpg
12,46,train,frame_004860_jpg.rf.ptvCgOph4KLsHXq2ujWf.jpg
12,46,train,frame_004968_jpg.rf.1EW1k07Ug0WKMdBQLY34.jpg
12,46,train,frame_005076_jpg.rf.l01hNcOWvvsAuvveic9C.jpg
12,46,train,frame_005184_jpg.rf.Ox0Or838W5dIVtr3dQxe.jpg
12,46,train,frame_005292_jpg.rf.45ILSvX67Zmn5sYiFMNY.jpg
12,46,train,frame_005400_jpg.rf.Pv2dXLUvtdbQYoaSqIsa.jpg
13,44,train,frame_000000_png.rf.JzfjnJr4ZedJkQ85QBc2.png
13,44,train,frame_000161_png.rf.uJXh9TC4q8xxS9K8eCgw.png
13,44,train,frame_000322_png.rf.kVWyXm1vhjLERhbYLJZe.png
13,44,train,frame_000483_png.rf.9wBg8JK2282u0jBRRQje.png
13,44,train,frame_000644_png.rf.06lSgqOFveA0IawDiCbg.png
13,44,train,frame_000805_png.rf.dQGhe80RUynyKdIUYaJs.png
13,44,train,frame_001449_png.rf.t14SLd3KR0CLTkC1rtFD.png
13,44,train,frame_001610_png.rf.FKFcsTLpZkzPi1xfgZWY.png
13,44,train,frame_001771_png.rf.R3D0ZlYjnlEDy5TtpeFR.png
13,44,train,frame_001932_png.rf.m0HakVdLTWrFdlTka4Vt.png
13,44,train,frame_002254_png.rf.J3xRvbBdT98csep4hKKe.png
13,44,train,frame_002415_png.rf.yi0hTTA6y0BLKUGPpuE3.png
13,44,train,frame_002576_png.rf.SLMywDWwDaEHZvN0wxov.png
13,44,train,frame_002737_png.rf.14YKvGi52s19fHgcCPya.png
13,44,train,frame_002898_png.rf.ytmGAjapsg57a0rZWdaU.png
13,44,train,frame_003059_png.rf.dvKBkUu4xZDjH0gYSZ9Y.png
13,44,train,frame_003220_png.rf.LGR6D9DnCcrKoeR87BYY.png
13,44,train,frame_003381_png.rf.VE98AVKRYoTf5z87vBM0.png
13,44,train,frame_003542_png.rf.Kc5gmgLEr6i8BMNyVofB.png
13,44,train,frame_003703_png.rf.JnPumZm1xSxYBgZpNEK7.png
13,44,train,frame_003864_png.rf.Qdjqaxytmmfi4unEVJeN.png
13,44,train,frame_004025_png.rf.zGrpMB3Yb3bDmfFjKvgJ.png
13,44,train,frame_004186_png.rf.xvEdyax01koRTbkHVTSh.png
13,44,train,frame_004347_png.rf.SXxSZKRaWlvbuiaXaqK0.png
13,44,train,frame_004830_png.rf.DPzg28DO7xmbNjeowEgJ.png
13,44,train,frame_004991_png.rf.hhRcZgpWv3j0eFLZcT81.png
13,44,train,frame_005152_png.rf.dh7OXcXIOoAEF2fwDzwY.png
13,44,train,frame_005313_png.rf.g5t98cDvAmj8a3KXz0MF.png
13,44,train,frame_005474_png.rf.UsxQaNfDpI8wQSe4EjkH.png
13,44,train,frame_005635_png.rf.cuhUgOOmI4oX1HYilrCy.png
13,44,train,frame_005796_png.rf.eXPBbhoXsltQxtWLkYwz.png
13,44,train,frame_005957_png.rf.0HUIvz6rnqa2nJUcLYnJ.png
13,44,train,frame_006118_png.rf.Bm0IKgwaO1JA1LXlGcw6.png
13,44,train,frame_006279_png.rf.3DAf1bI46xV0klL3L9ww.png
13,44,train,frame_006440_png.rf.NlFNZ2fNvhrwCpFSUuDw.png
13,44,train,frame_006601_png.rf.V5S4CKHZU1AYJXoTxnWI.png
13,44,train,frame_006762_png.rf.v137g8blDf2poW95l8ey.png
13,44,train,frame_006923_png.rf.SVpYJspnqYMAo2Q3jyjX.png
13,44,train,frame_007084_png.rf.FrWesYqhHe7v65vzTwWl.png
13,44,train,frame_007245_png.rf.A10IISXEYSHQVxXyJStj.png
13,44,train,frame_007406_png.rf.TUyWTP2QNKuYgSAKkwxE.png
13,44,train,frame_007728_png.rf.mecohxvPt9vFPOBNw5ym.png
13,44,train,frame_007889_png.rf.iU7z9WH3l6ILvp74EHin.png
13,44,train,frame_008050_png.rf.tlCa0ohwQDMSmQCIqh5y.png
14,33,train,frame_000176_png.rf.BkB5yXh0GPMLggPDets9.png
14,33,train,frame_000528_png.rf.wDWMHtpRN8409fYlxazL.png
14,33,train,frame_000704_png.rf.0pSXTBM9P9laNolA0dhS.png
14,33,train,frame_001056_png.rf.gNWutqW2uvJZCBESgC6G.png
14,33,train,frame_001584_png.rf.mSSA0yd0BmplhxehcTsX.png
14,33,train,frame_002112_png.rf.v0FVOaFrC471R9voLb1k.png
14,33,train,frame_002288_png.rf.GqqsCdHQM5IIIgbJhtLS.png
14,33,train,frame_002640_png.rf.3bgdjgf8oUUCnIdUUz3N.png
14,33,train,frame_003168_png.rf.5CuUHk8RNRk2OMyIOyiD.png
14,33,train,frame_003696_png.rf.qACPxNnQPlR9BCD5MkFz.png
14,33,train,frame_003872_png.rf.yt02fumFStbKuouBC0Uh.png
14,33,train,frame_004048_png.rf.e2Zs7egOv1pg6IeLeL86.png
14,33,train,frame_004224_png.rf.4aMNEaAi7rOYZ401R7c1.png
14,33,train,frame_004400_png.rf.saB04kIEz7z2KcUia4q7.png
14,33,train,frame_004576_png.rf.JiMcgQmQ1PgKmtInAlJN.png
14,33,train,frame_004752_png.rf.uCxrWUJ6WtxJSD59CpwJ.png
14,33,train,frame_004928_png.rf.WCElYGu6Sqz1hHNhYrEb.png
14,33,train,frame_005280_png.rf.jZ1dHx75SsJrdmRKDu1D.png
14,33,train,frame_005456_png.rf.Rt2mFTqeOfDmOnILhSIv.png
14,33,train,frame_005808_png.rf.yyW63htFTjnHPNddyFy3.png
14,33,train,frame_005984_png.rf.O99IhvaUQfEJ73aAKTUC.png
14,33,train,frame_006160_png.rf.hU9ARzxvPXvXtjyWwrVA.png
14,33,train,frame_006336_png.rf.GxRMXb3BcTH7XcunH0hi.png
14,33,train,frame_006512_png.rf.bCRSZeEwlKCmrPtarNmu.png
14,33,train,frame_006864_png.rf.z6PkRbmvvIFrCWstKq6T.png
14,33,train,frame_007040_png.rf.oz3TSsIH71X6A6eDmZAc.png
14,33,train,frame_007216_png.rf.mujh8ErzQiAIoihUJQDx.png
14,33,train,frame_007744_png.rf.JcEJ9NT9oyELn72RHF9C.png
14,33,train,frame_007920_png.rf.EtdTLnoMzSW89rOcvbcq.png
14,33,train,frame_008096_png.rf.G1Yz4l1XKXO0U8I5C8fq.png
14,33,train,frame_008272_png.rf.FaOanrJMhxj4lHszfRpj.png
14,33,train,frame_008624_png.rf.3mxBaOjQNaGkhchduVHV.png
14,33,train,frame_008800_png.rf.wHDbC5laTRniCnb33qLk.png
15,32,train,frame_000000_png.rf.c4PacKErueccsD1sfUeY.png
15,32,train,frame_000120_png.rf.UXVHbMP4NRPi5zJUl0WI.png
15,32,train,frame_000240_png.rf.C1wEQH7PhfkJgjUOdwif.png
15,32,train,frame_000360_png.rf.atboeeh6QJpBdxeeMs80.png
15,32,train,frame_000480_png.rf.yXJ5agsftP6PMPQyg2GR.png
15,32,train,frame_000600_png.rf.iA10htReaNyL0brsgHl1.png
15,32,train,frame_000960_png.rf.sq7AAEZP9bc72RT388Jo.png
15,32,train,frame_001080_png.rf.5zbWQZiCbZ4BSixAzLwL.png
15,32,train,frame_001200_png.rf.F6Sdp5MRJRel4IHpftH0.png
15,32,train,frame_001440_png.rf.yWWrFLR3n6MQYZvDVuMk.png
15,32,train,frame_001560_png.rf.ILHWuoUrXXo9aTnMiJW5.png
15,32,train,frame_001680_png.rf.u2bPqutnrCmqRM8IFyJf.png
15,32,train,frame_001800_png.rf.MqVMo8cJyASnlbOwgQPG.png
15,32,train,frame_002760_png.rf.m6moRa86fnMDFk49eGHm.png
15,32,train,frame_002880_png.rf.Ji1E7U9DOOxPgzqdtGkA.png
15,32,train,frame_003000_png.rf.IJJbqkdVLiUuSsyJ9ZR0.png
15,32,train,frame_003120_png.rf.laFmZan1HVHY04y7k5d2.png
15,32,train,frame_003240_png.rf.ijZNAKRTmg2N9X6C3SGa.png
15,32,train,frame_003360_png.rf.LZiyAxi4vMHlgWRWjfT7.png
15,32,train,frame_003480_png.rf.2121OJsxLUrvO3wXKvzD.png
15,32,train,frame_003600_png.rf.aAtoSWgQIwDfaq7dJjFa.png
15,32,train,frame_003720_png.rf.5Aj2mCAfP9VUB3t5xtDc.png
15,32,train,frame_003840_png.rf.uD0s1rFTtuNBno5FvAZD.png
15,32,train,frame_003960_png.rf.YVHEEnyoCRCrUDEH2Ynf.png
15,32,train,frame_004080_png.rf.C3fXIwhz482F4ykQhotv.png
15,32,train,frame_004200_png.rf.w0DswxU5VEAbvgDqnk4N.png
15,32,train,frame_004320_png.rf.MAt3jsxluc8UNdPTJHee.png
15,32,train,frame_004440_png.rf.ihUkZTzEK3UVoFL0B1Bu.png
15,32,train,frame_004560_png.rf.ESH59l24Np51n8Oaa4aG.png
15,32,train,frame_004680_png.rf.US1nKVgu0Sq4QDiQMnmm.png
15,32,train,frame_004800_png.rf.66fLaLHrzWTKkRkityyN.png
15,32,train,frame_004920_png.rf.JxAOyL88BL1PqlNkQTfM.png
16,31,train,frame_000000_png.rf.VTlG3d2s1CDEO7vWG82Z.png
16,31,train,frame_000005_png.rf.etVqbxMB5CtgCPo7TlAe.png
16,31,train,frame_000010_png.rf.yo8qgHWcaq6RbQGuT2F2.png
16,31,train,frame_000015_png.rf.jfYhhoidlFOSMPr7ne6I.png
16,31,train,frame_000020_png.rf.BCfpuexivTzPQ1eulH5P.png
16,31,train,frame_000025_png.rf.vp83uvhYv5jkHNzFRvWy.png
16,31,train,frame_000030_png.rf.TbCDxh89rv9Q5PEm1hZv.png
16,31,train,frame_000035_png.rf.kAL01HlxPnFspgsOKTx3.png
16,31,train,frame_000040_png.rf.sqfBjBxk6PWf9XyQHXS2.png
16,31,train,frame_000045_png.rf.NcxSjpEvFmzPa9NoGmO2.png
16,31,train,frame_000050_png.rf.EtN916Qqdv0mxsWxLCwE.png
16,31,train,frame_000055_png.rf.cIBBSDh45k3UTMmvWpee.png
16,31,train,frame_000060_png.rf.MA8kUiH0Y0QTMbZlWjj8.png
16,31,train,frame_000065_png.rf.UqIiqKuu4M6n49UMGaPP.png
16,31,train,frame_000100_png.rf.2bwtT7XkVYDN260mqS0K.png
16,31,train,frame_000105_png.rf.Xeja92a5rgj97snMHSxl.png
16,31,train,frame_000110_png.rf.Po6wUSLFGdRkyNDfcE6z.png
16,31,train,frame_000115_png.rf.s9Eh7RYLMpNEgFZSJHCP.png
16,31,train,frame_000120_png.rf.NJYhUgETy7d3qhfAnIZ4.png
16,31,train,frame_000125_png.rf.TgpppDJaBkeTnVW8fsMN.png
16,31,train,frame_000130_png.rf.W3NHANvNUWNzlRCuYuZw.png
16,31,train,frame_000135_png.rf.bGMjqrH6D0gdakk0lyNm.png
16,31,train,frame_000145_png.rf.5CsoFzqUeOavVP3E9a10.png
16,31,train,frame_000150_png.rf.cuRuz9wemImNCZmcH1pG.png
16,31,train,frame_000155_png.rf.IYrAKuRFqyRRBECgMxyH.png
16,31,train,frame_000160_png.rf.l7gD4YtwhwIIcb7Ksxij.png
16,31,train,frame_000165_png.rf.FYsqI4Azo8DxwPW5wTaH.png
16,31,train,frame_000230_png.rf.T8AGCvsEqHiKK7yfLN4e.png
16,31,train,frame_000235_png.rf.mOitFgqHdR6zgShR8ujR.png
16,31,train,frame_000240_png.rf.I9q3BMAZdUSrUvOEI9sX.png
16,31,train,frame_000245_png.rf.48wGVws6UbTCh6XZU03S.png
17,27,test,frame_000000_png.rf.HCsOaIhR01tt5lXkGjmr.png
17,27,test,frame_000108_png.rf.Lz3L2Folzs40RNKc1c2n.png
17,27,test,frame_000216_png.rf.Oa84EJoLxNktGvTdDiJv.png
17,27,test,frame_000324_png.rf.XKujjsXqsc6h3sQhEpSc.png
17,27,test,frame_000540_png.rf.o5DDcuPFSLStXSog2jmM.png
17,27,test,frame_000648_png.rf.6JddQS4Ve6GTRsreDh3V.png
17,27,test,frame_000756_png.rf.Bpyve76xfXXapleBwmvl.png
17,27,test,frame_000972_png.rf.QQzGOoYAW7O42N8Ci1MK.png
17,27,test,frame_001188_png.rf.6c87dAZWweniUTD5nklJ.png
17,27,test,frame_001296_png.rf.PoPK7UpUiA9E8gGPE62k.png
17,27,test,frame_001404_png.rf.41v6GpW9HkBYg19SKoqV.png
17,27,test,frame_001512_png.rf.aDcA0scqlYXH6HKi1yTL.png
17,27,test,frame_001728_png.rf.4EFiMDEcAHfNocojsJVP.png
17,27,test,frame_002052_png.rf.6iQ7YtcHog1Rhe3i1J3D.png
17,27,test,frame_002160_png.rf.avpfLRlWCkXHdE4AIMZn.png
17,27,test,frame_002592_png.rf.XBIVNQTWDXLriRf70TT4.png
17,27,test,frame_003348_png.rf.FlDsjWXLvJ3q1GS8xeqo.png
17,27,test,frame_003564_png.rf.Zy0vT3jvvzwj86mOaMHS.png
17,27,test,frame_003672_png.rf.aKpTz9bJn4xDPlS5Q78n.png
17,27,test,frame_003780_png.rf.pMSOQBYB7d40oRUOvqQg.png
17,27,test,frame_003996_png.rf.leh1xBix7xYZq6cpkbhD.png
17,27,test,frame_004104_png.rf.sMkoVf4JAEQkr5YRnh3F.png
17,27,test,frame_004536_png.rf.LciCyBmiK0O3wfp7ML4c.png
17,27,test,frame_004644_png.rf.3rYqND1IYToE4oeuv3p3.png
17,27,test,frame_004752_png.rf.cDzYEXQMGpzZGH48jQCI.png
17,27,test,frame_004968_png.rf.9ZBhRtpLhi5ShMS8jQkA.png
17,27,test,frame_005292_png.rf.oiWCrC2j3lwwL4xigYup.png
18,23,valid,frame_000215_png.rf.fAewRzBNWBQqNI2Lkipy.png
18,23,valid,frame_000220_png.rf.aOKUX9dIwz2l6CuJkRD6.png
18,23,valid,frame_000225_png.rf.3bjSOJk1lhfKjiZkdXv5.png
18,23,valid,frame_000225_png.rf.mNlKsoWSuO9hQhbhzyDa.png
18,23,valid,frame_000230_png.rf.3RMDSaUHMBFfcwjSyviI.png
18,23,valid,frame_000235_png.rf.34VJJbGkBtVJfiFKriRL.png
18,23,valid,frame_000235_png.rf.SsXdJnFvNPfAzbPbvRvL.png
18,23,valid,frame_000255_png.rf.2rq8BDBfQxOMgrphyRki.png
18,23,valid,frame_000255_png.rf.ilnnKrGpqOTbhWscS8vb.png
18,23,valid,frame_000260_png.rf.833pqjCLBILYo9nsDXm2.png
18,23,valid,frame_000260_png.rf.ImBZPwKJDBV0aqEgRzT2.png
18,23,valid,frame_000265_png.rf.IQzvPiwKezUL8MtIUl0p.png
18,23,valid,frame_000265_png.rf.OzgXxepy0cp6iKwVi210.png
18,23,valid,frame_000275_png.rf.aTwOKBpK6u0GDLsVnkoL.png
18,23,valid,frame_000280_png.rf.x884gHYk8WDjc6cTwD2b.png
18,23,valid,frame_000285_png.rf.Ht5Nf1ZZ7MZ9fDq6h3CQ.png
18,23,valid,frame_000290_png.rf.3FoXpoPlW58FMMo0mah9.png
18,23,valid,frame_000290_png.rf.Kvq7KS4xlCm5g8gKRdkg.png
18,23,valid,frame_000300_png.rf.0fl67wthxjqvBsj6t4fM.png
18,23,valid,frame_000300_png.rf.liQddKgHDWSsKyhzmZPn.png
18,23,valid,frame_000305_png.rf.ErcbZh3iZUY0grHe2P0v.png
18,23,valid,frame_000310_png.rf.F8ksWWvwtYsO4thABPDH.png
18,23,valid,frame_000310_png.rf.Z44IMd9uLuA9U5wbVh4G.png
19,22,valid,frame_000005_png.rf.1gwBNT6KjIuQTJoFRKyH.png
19,22,valid,frame_000010_png.rf.vpj0DfwtuhNJALAwxjOD.png
19,22,valid,frame_000020_png.rf.JkoECWVZhyFn7JNrjBrL.png
19,22,valid,frame_000025_png.rf.KQAwXSFaSOYWSD8pPZEq.png
19,22,valid,frame_000040_png.rf.Uu3V6k9JpUiPFe0INjvZ.png
19,22,valid,frame_000050_png.rf.IjKD6QbrHwJqzK3TGfiu.png
19,22,valid,frame_000055_png.rf.gL6JbMwe3nk99o0ZEm7q.png
19,22,valid,frame_000060_png.rf.1VUgljBxs3CDaz0nBXJo.png
19,22,valid,frame_000065_png.rf.iv3Uwv1CCZidhcbbVlP3.png
19,22,valid,frame_000070_png.rf.zJKVuT7AstSOO4h96m2Q.png
19,22,valid,frame_000075_png.rf.kQdSELRlnijypWJiHCnI.png
19,22,valid,frame_000080_png.rf.S7ljbFfNar5pWMjOvbsO.png
19,22,valid,frame_000085_png.rf.1DzEaDGfQlCu1FhGHbPd.png
19,22,valid,frame_000095_png.rf.8h2BJ7q6nBuQfVlV25gr.png
19,22,valid,frame_000100_png.rf.z7pJmLMg2tx8HvGHDEYW.png
19,22,valid,frame_000105_png.rf.IZgvycHl679t0wUBb67I.png
19,22,valid,frame_000105_png.rf.hFCiUV7E2vcMFlNUP0QY.png
19,22,valid,frame_000115_png.rf.SbCxjWBpjP7u8FVID7yO.png
19,22,valid,frame_000115_png.rf.npUVFy66bS8ZjYvVBYav.png
19,22,valid,frame_000125_png.rf.djaBIRGC1Sa7Vo2sFLi9.png
19,22,valid,frame_000135_png.rf.VrFy7FKoJ660GH6wbGxO.png
19,22,valid,frame_000145_png.rf.n9ucJhbRgnKU41gRE3sk.png
20,19,train,frame_000032_png.rf.yIMC891UZsauLiTB7K4n.jpg
20,19,train,frame_000064_png.rf.7NRn57ZWOhUFgkfn0MZD.jpg
20,19,train,frame_000192_png.rf.zKQJGLzXI58kMUEPUj9n.jpg
20,19,train,frame_000224_png.rf.bh98SZMLUHPjjz5Nui7h.jpg
20,19,train,frame_000256_png.rf.Wso3xzw3YwSzk6zrPmTf.jpg
20,19,train,frame_000288_png.rf.cJGOnWQNyzFlEbkgmU7t.jpg
20,19,train,frame_000320_png.rf.972Z0MeQ2woK1ZfPQklF.jpg
20,19,train,frame_000352_png.rf.iW36aUSXUlknG0vxjS3F.jpg
20,19,train,frame_000416_png.rf.DxyBmgvs9TKVTDUIH24v.jpg
20,19,train,frame_000672_png.rf.lpQ47Dq8dPuVGaBmNwSV.jpg
20,19,train,frame_000704_png.rf.7duRvLsStc07FtpeuuRY.jpg
20,19,train,frame_000736_png.rf.nHShHzZ2U2qu3IjDH6Dj.jpg
20,19,train,frame_000768_png.rf.Llw7Aa2CtdOsQWb4sYQC.jpg
20,19,train,frame_000896_png.rf.GghK2o0jdsGNPGTGJPeY.jpg
20,19,train,frame_000928_png.rf.1vPZXJ3l1hT5Sq2A4C7h.jpg
20,19,train,frame_001184_png.rf.ZVh1YMnCeY7sJidm9mpo.jpg
20,19,train,frame_001216_png.rf.1U8Yv9UVvNHOJpB5VKtj.jpg
20,19,train,frame_001248_png.rf.XvZ6900wm6yGHDx57wp6.jpg
20,19,train,frame_001408_png.rf.nH9H1o763wXXc79ciwk5.jpg
21,9,train,frame_000012_jpg.rf.YJqoiVeCy9ZlHJMU488C.jpg
21,9,train,frame_000018_jpg.rf.vJVazycMI7ZLOj8A0Myg.jpg
21,9,train,frame_000024_jpg.rf.OjCILOyqlJb72x2CLhqj.jpg
21,9,train,frame_000030_jpg.rf.0J2ezgBoWD5FNAwrjEBc.jpg
21,9,train,frame_000054_jpg.rf.ObLdXdTgbX88g12N7Afi.jpg
21,9,train,frame_000072_jpg.rf.PpQgrCZlhVt6w0uBPb67.jpg
21,9,train,frame_000090_jpg.rf.RPXGSYUcsR17MV2f345o.jpg
21,9,train,frame_000102_jpg.rf.7Q6JWbnK0mwgE31N0Y1T.jpg
21,9,train,frame_000120_jpg.rf.TDnk6ADdMl4ppAcxE7du.jpg
22,8,train,frame_000096_png.rf.7qgSfCagLmguFs86cGfq.png
22,8,train,frame_000288_png.rf.9ciARbMwpF0IdvaOf2uS.png
22,8,train,frame_000296_png.rf.D5zrsFUg5XXNAwiyXq5g.png
22,8,train,frame_000304_png.rf.wrJBi0lVpLfP0C0REOVX.png
22,8,train,frame_000312_png.rf.xRvKl6MIwyn7cGLd9xQR.png
22,8,train,frame_000320_png.rf.9L2yNOq44rulThtfyPEG.png
22,8,train,frame_000328_png.rf.LeDlRTrkVsBPAyp6YLTW.png
22,8,train,frame_000336_png.rf.hyOyY5REz35InMDasGw3.png
23,6,train,frame_000000_png.rf.I8M3y3gNufcELfWeSqLE.png
23,6,train,frame_000008_png.rf.k9bw9zKlCUq3P6Owob9d.png
23,6,train,frame_000016_png.rf.GWGoMXBKMXdF9cnIOM3z.png
23,6,train,frame_000024_png.rf.X2XkClEYUP6h2NvEtGt3.png
23,6,train,frame_000032_png.rf.mneeR2QrfvdxIpD4J3p7.png
23,6,train,frame_000040_png.rf.gPwhqm0NwrWT0vx0Qzeh.png
24,6,train,frame_000064_png.rf.7Dvz9yDs0NVcICYiv9MT.png
24,6,train,frame_000072_png.rf.l1qcDy5We2DOgEEl5AaQ.png
24,6,train,frame_000080_png.rf.awwkLyqaMpPro41aBuhL.png
24,6,train,frame_000120_png.rf.FPDMvGnzVvM00eO41EYt.png
24,6,train,frame_000128_png.rf.i5GRPoFQsjckzVzMAS2Q.png
24,6,train,frame_000136_png.rf.8bTztJZFzht60zshnq3K.png
25,5,train,frame_000248_png.rf.ceuALDDKAarzhp7MiYLC.png
25,5,train,frame_000256_png.rf.3d70PSpz4Zpot6KZ0xz0.png
25,5,train,frame_000264_png.rf.TDtbbinqbfPAtqsO3C3J.png
25,5,train,frame_000272_png.rf.m0NewRCm62BcZpdQQy1C.png
25,5,train,frame_000280_png.rf.VXW2flJJC1jkuSsovI7P.png
26,4,valid,frame_000175_png.rf.2iCNcxgFFykZAZnFAQBm.png
26,4,valid,frame_000175_png.rf.cfmCVLaxn87yry2mSidO.png
26,4,valid,frame_000180_png.rf.Ct8LIHv4U57NRfOwEBHW.png
26,4,valid,frame_000180_png.rf.RLBz1EHiG886AZ5b7kle.png
27,3,train,frame_000000_jpg.rf.ueIY9EWpg7wQXfe1pZmu.jpg
27,3,train,frame_000030_jpg.rf.IPOcDL0kiQRFkilAEBlp.jpg
27,3,train,frame_000180_jpg.rf.r7GHUzemm9laP2P8xHLU.jpg
28,3,train,frame_000168_jpg.rf.s0WKvBZwYo1zdIjkKXXx.jpg
28,3,train,frame_000180_jpg.rf.oizRRdJvpAWwYuuOlHNZ.jpg
28,3,train,frame_000186_jpg.rf.aFx1NP1xXxJv4dJBrULf.jpg
29,3,train,frame_000376_png.rf.4zpRRgqwlPXaPGLpV6pP.png
29,3,train,frame_000384_png.rf.iIRwirLQxMbIHsUYua2k.png
29,3,train,frame_000392_png.rf.qCwVzAXOiNP6FkDhHI9S.png
30,3,train,frame_000400_png.rf.DIUb2kdwfXDoArvia42k.png
30,3,train,frame_000408_png.rf.gnXjiCZSUZSJrMuKo32n.png
30,3,train,frame_000416_png.rf.N3tlUT8DRmJk7oSPoRQF.png
31,3,train,frame_002520_png.rf.9FSnGoyfg3vRtxFjS4t8.png
31,3,train,frame_002640_png.rf.khdhYo2NUeio5EsoYDlr.png
31,3,train,frame_005640_png.rf.MJj7b0t0BS9QPWgtutAh.png
32,2,train,frame_000192_png.rf.WTtUja2w2jBjLcRoUfTL.png
32,2,train,frame_000200_png.rf.cSB16id50kFBrNsPHmnZ.png
33,2,train,frame_000352_png.rf.7lRDONVSmN8oR03qE8Pt.png
33,2,train,frame_007568_png.rf.nfpqrxBAJ1XbtuxbFoLr.png
34,2,valid,frame_001681_png.rf.vMgUybrcxw5R00KQSWFz.png
34,2,valid,frame_001722_png.rf.8Lzm5f2GfKyvtgLuxWVI.png
35,1,train,frame_000000_jpg.rf.IXDx5R5YVLvYu1P8DqhQ.jpg
36,1,train,frame_000000_png.rf.Lu108Kv8yvFCzQWAfbhE.png
37,1,train,frame_000048_png.rf.CRP8BCbzj8jljoWLrFQy.png
38,1,train,frame_000056_png.rf.WLMBnBwGV8H03MdhC4Ui.png
39,1,train,frame_000060_jpg.rf.dpyRcVkTjwqpyVJHvCTT.jpg
40,1,train,frame_000088_png.rf.hZhu8ChFedIidsVeNCLt.png
41,1,train,frame_000090_jpg.rf.AncKkgQ7O3EG1y2Bd7h0.jpg
42,1,train,frame_000104_png.rf.jVygxpkcNMRFWufhvdJy.png
43,1,train,frame_000108_jpg.rf.vamrT2vv4WoAIV5PIDZF.jpg
44,1,train,frame_000112_png.rf.prbIsZ2SEOhPZppZFWPH.png
45,1,train,frame_000120_jpg.rf.fFtrZ90UPc93JQRMQS25.jpg
46,1,train,frame_000144_png.rf.hSl8aiDkwNI60Z4b9GVT.png
47,1,train,frame_000150_jpg.rf.jKhOY38uSMomch7Bv7sN.jpg
48,1,train,frame_000152_png.rf.xiwUHq5TvDhTYSRAQzC4.png
49,1,train,frame_000160_png.rf.pKF7uHM596hLvTiLGbW1.png
50,1,train,frame_000168_png.rf.o9kZO5IBYNv0PNwjJRAk.png
51,1,train,frame_000176_png.rf.mUFmCpOYDxh6hwSiHH6z.png
52,1,train,frame_000180_jpg.rf.N0mwVGMe8vr8WdRy1lgQ.jpg
53,1,train,frame_000184_png.rf.8PHNTJhy5F6LcMMT0C1F.png
54,1,train,frame_000208_png.rf.Xwjvx94yWKo8lWxyl3lA.png
55,1,train,frame_000210_jpg.rf.dvELzf1A94eSrD4E0x7g.jpg
56,1,train,frame_000216_jpg.rf.eX9WQt8rv3ljXonLJmii.jpg
57,1,train,frame_000216_png.rf.BaYNEae32WDPhiFLuO32.png
58,1,train,frame_000224_png.rf.gAAoIKXjOX5aQiPAnfIT.png
59,1,train,frame_000232_png.rf.KK8UTwD9rPm7FXoogTsY.png
60,1,train,frame_000240_jpg.rf.AINgu1vZoq96BKGUgXwD.jpg
61,1,train,frame_000240_png.rf.CxVTJMe96FFChj8nfxQ5.png
62,1,train,frame_000270_jpg.rf.0CgXFW47FTLpWdxD5Tl7.jpg
63,1,train,frame_000300_jpg.rf.5rp89xyxV4DDNLnv4euY.jpg
64,1,train,frame_000330_jpg.rf.mnInKrZ2XL7n4K1cJ8Vg.jpg
65,1,train,frame_000344_png.rf.sjjXpAv88NiKirS3pWzY.png
66,1,train,frame_000352_png.rf.pang5G8WcwHGaucJuoud.png
67,1,train,frame_000360_jpg.rf.X1QxzIY048kpc0sLmprQ.jpg
68,1,train,frame_000360_png.rf.Sm4y7bRT1wUBUWn4kkOA.png
69,1,train,frame_000368_png.rf.PSi2tF4di0K3qkkBP541.png
70,1,train,frame_000390_jpg.rf.32GpnqHaK4MboLKRewvj.jpg
71,1,train,frame_000400_png.rf.BRcyMvNlPGrdLPRALgTo.jpg
72,1,train,frame_000420_jpg.rf.wpybsqCK2ubSLSMPMAiH.jpg
73,1,train,frame_000565_png.rf.q2k8xGkH6lnFk00w9WyR.jpg
74,1,train,frame_000585_png.rf.Z6AaTX4iXqgK6jUvZWgw.png
75,1,train,frame_000720_png.rf.USSSzglrd9M40HAmkOkF.png
76,1,train,frame_000840_png.rf.jTASUt2FAD9h5V4FikCU.png
77,1,train,frame_000880_png.rf.HHJH3bbQfR4p51Qxjfhy.png
78,1,train,frame_001035_png.rf.sEMH4doW5oHhc0vtYCMu.png
79,1,train,frame_001232_png.rf.FSPrm6zs89pPdctubsg6.png
80,1,train,frame_001320_png.rf.b4WWoDD9Q1Sx3MCNZLNV.png
81,1,train,frame_001408_png.rf.xjsJqIfXDfbZiyKbrnLR.png
82,1,train,frame_001643_png.rf.pAxnYcwvZWem9Oci8K5I.png
83,1,train,frame_001760_png.rf.Oi73wTUHzNBqnI0SHnK0.png
84,1,train,frame_001908_png.rf.80DlZishWxYbaJ6mv4Nf.png
85,1,train,frame_001920_png.rf.DohQLT2IPWNTQGCbWcCM.png
86,1,train,frame_001936_png.rf.WHdHnLFG08d5IHDra1Tt.png
87,1,train,frame_002040_png.rf.DqvV4I2Ko9KVIrfinQPb.png
88,1,train,frame_002160_png.rf.JNUWTezLg8DwCoABWTbA.png
89,1,train,frame_002180_png.rf.qpnM0d4564iUoz7MaU2c.png
90,1,train,frame_002200_png.rf.WZEuxAAC4r0bKKIGfPSf.png
91,1,train,frame_002220_png.rf.soGrpAqKE3OXV5nhZqaD.png
92,1,train,frame_002240_png.rf.8Vd0jmv9N4sABJ6tCpn8.png
93,1,train,frame_002260_png.rf.C1K4NhmC2oetoOTCH8OE.png
94,1,train,frame_002280_png.rf.6omGz25D3l5TusL9WGrH.png
95,1,train,frame_002280_png.rf.SmXBKZPi78F0NnozcRM7.png
96,1,train,frame_002400_png.rf.YP0k4SrvubBu56aiYQKn.png
97,1,train,frame_002400_png.rf.kjvGS9GaxqQtMHnAqoY0.png
98,1,train,frame_002420_png.rf.qmpmQFxcUDj4hoNhVGHs.png
99,1,train,frame_002440_png.rf.ZSHigAYlw7MW1RtoeoOC.png
100,1,train,frame_002451_png.rf.HwEfHY2Oh5EKj7dl09xq.png
101,1,train,frame_002460_png.rf.CnQmxRDy0QDUVPNFLh37.png
102,1,train,frame_002464_png.rf.qFv90EqC7zpOhbCMbeXR.png
103,1,train,frame_002480_png.rf.BPZBa3v5qdHw7Y5BWXDK.png
104,1,train,frame_002500_png.rf.oXUp7ev3uuO9EVFPn2RZ.png
105,1,train,frame_002508_png.rf.JjJxRgqILldP2Y5paA4v.png
106,1,train,frame_002540_png.rf.okvQn61GnwlKolkXvr82.png
107,1,train,frame_002560_png.rf.RvaMocD0T1b9P0rF9HV4.png
108,1,train,frame_002565_png.rf.c0kZdjppJ0iP7SliOot4.png
109,1,train,frame_002808_jpg.rf.CcIwSyPybNpoJtKqP3aH.jpg
110,1,train,frame_002816_png.rf.pg93lm06ETIZb1kUM1za.png
111,1,train,frame_002992_png.rf.MDkBEJKm1mZ3BEKlz4Ce.png
112,1,train,frame_003249_png.rf.JsvdAdTAEupy39zBztGN.png
113,1,train,frame_003344_png.rf.JN3bSXDkd6KSXLueyFHO.png
114,1,train,frame_003348_jpg.rf.6HxPU5H5VTJtJEKU9RFb.jpg
115,1,train,frame_003520_png.rf.kQMtjcBzAPr4E8AB8B6x.png
116,1,train,frame_003996_png.rf.WcwL5rG5hWerG847ARD9.png
117,1,train,frame_005040_png.rf.Q57y3QA5WloGHSBrMizJ.png
118,1,train,frame_005104_png.rf.UUyoDnMAHRNjBCOM2wGa.png
119,1,train,frame_005160_png.rf.5FrejsOWjrLwQS5b6SHh.png
120,1,train,frame_005280_png.rf.WKbsSwU5KIaW6AE4R1Fp.png
121,1,train,frame_005340_png.rf.MSLOTnEu4Oc678Z33r8X.png
122,1,train,frame_005400_png.rf.qPcoGnoGUjFQaQLXaq1f.png
123,1,train,frame_005420_png.rf.cbXKPBFMq2eNPuKKGpzJ.png
124,1,train,frame_005424_png.rf.CsZH1IOzrEA2a14CWRrX.jpg
125,1,train,frame_005440_png.rf.BFiVL9WTVWeL4goGj8Ta.png
126,1,train,frame_005520_png.rf.KttWRcr9FkxTtzTJ2N8j.png
127,1,train,frame_005632_png.rf.MPqiUD85v9z4GEFGAO2L.png
128,1,train,frame_005760_png.rf.HysuEDVNVSxv49nseNBl.png
129,1,train,frame_005880_png.rf.OTuG2teCFI2hKhz5DWI6.png
130,1,train,frame_006000_png.rf.vcy2vYG5U7h28qC3tGJH.png
131,1,train,frame_006688_png.rf.fKVEPkGNezRECCORt3KV.png
132,1,train,frame_007392_png.rf.sCHOAms0BNn2VZUtcBf8.png
133,1,train,frame_008448_png.rf.fm0doRuXoBIedvhlj0aH.png
134,1,valid,frame_000078_png.rf.3RN86wHw3YcksTE8pKul.png
135,1,valid,frame_000200_png.rf.Zax3plmPPHEKNFB0Vk8i.png
136,1,valid,frame_000861_png.rf.NhuVUrWWhwvJ7z2EjO07.png
137,1,valid,frame_001353_png.rf.1mkJjKJ7AuSNrUkLZKTO.png
138,1,valid,frame_001435_png.rf.v4UzW0oC6p5q2uMnhctf.png
