pair,family,metric,n,n_eff,W,p,p_holm,median_diff,mean_diff,rank_biserial,W_plus,W_minus,signif_5pct,min_n_gt,n_sel_dibuang,sel_dibuang
V8 vs V1,primary,ap50,24,24,79,0.0424892,,0.0207,0.0200068,0.473333,221,79,True,30,12,big-vehicle/density/dense(n=1); big-vehicle/occlusion/heavy(n=2); big-vehicle/occlusion/partial(n=24); big-vehicle/size/small(n=15); car/density/dense(n=11); car/occlusion/heavy(n=0); pedestrian/density/sparse(n=12); pedestrian/occlusion/heavy(n=2); pedestrian/size/large(n=0); two-wheeler/density/dense(n=21); two-wheeler/occlusion/heavy(n=0); two-wheeler/size/large(n=0)
V4 vs V1,primary,ap50,24,24,96,0.128027,,-0.0252843,-0.0163715,-0.36,96,204,False,30,12,big-vehicle/density/dense(n=1); big-vehicle/occlusion/heavy(n=2); big-vehicle/occlusion/partial(n=24); big-vehicle/size/small(n=15); car/density/dense(n=11); car/occlusion/heavy(n=0); pedestrian/density/sparse(n=12); pedestrian/occlusion/heavy(n=2); pedestrian/size/large(n=0); two-wheeler/density/dense(n=21); two-wheeler/occlusion/heavy(n=0); two-wheeler/size/large(n=0)
V8 vs V5,primary,ap50,24,24,60,0.0087148,,0.0410435,0.034755,0.6,240,60,True,30,12,big-vehicle/density/dense(n=1); big-vehicle/occlusion/heavy(n=2); big-vehicle/occlusion/partial(n=24); big-vehicle/size/small(n=15); car/density/dense(n=11); car/occlusion/heavy(n=0); pedestrian/density/sparse(n=12); pedestrian/occlusion/heavy(n=2); pedestrian/size/large(n=0); two-wheeler/density/dense(n=21); two-wheeler/occlusion/heavy(n=0); two-wheeler/size/large(n=0)
V1 vs V2,secondary,ap50,24,24,43,0.00139976,0.0223961,0.0226394,0.0255699,0.713333,257,43,True,30,12,big-vehicle/density/dense(n=1); big-vehicle/occlusion/heavy(n=2); big-vehicle/occlusion/partial(n=24); big-vehicle/size/small(n=15); car/density/dense(n=11); car/occlusion/heavy(n=0); pedestrian/density/sparse(n=12); pedestrian/occlusion/heavy(n=2); pedestrian/size/large(n=0); two-wheeler/density/dense(n=21); two-wheeler/occlusion/heavy(n=0); two-wheeler/size/large(n=0)
V1 vs V3,secondary,ap50,24,24,141,0.811536,1,0.00383076,0.00488999,0.06,159,141,False,30,12,big-vehicle/density/dense(n=1); big-vehicle/occlusion/heavy(n=2); big-vehicle/occlusion/partial(n=24); big-vehicle/size/small(n=15); car/density/dense(n=11); car/occlusion/heavy(n=0); pedestrian/density/sparse(n=12); pedestrian/occlusion/heavy(n=2); pedestrian/size/large(n=0); two-wheeler/density/dense(n=21); two-wheeler/occlusion/heavy(n=0); two-wheeler/size/large(n=0)
V1 vs V5,secondary,ap50,24,24,82,0.0526408,0.68433,0.0196719,0.0147481,0.453333,218,82,False,30,12,big-vehicle/density/dense(n=1); big-vehicle/occlusion/heavy(n=2); big-vehicle/occlusion/partial(n=24); big-vehicle/size/small(n=15); car/density/dense(n=11); car/occlusion/heavy(n=0); pedestrian/density/sparse(n=12); pedestrian/occlusion/heavy(n=2); pedestrian/size/large(n=0); two-wheeler/density/dense(n=21); two-wheeler/occlusion/heavy(n=0); two-wheeler/size/large(n=0)
V1 vs V6,secondary,ap50,24,24,10,5.126e-06,0.000123024,0.0727567,0.0848964,0.933333,290,10,True,30,12,big-vehicle/density/dense(n=1); big-vehicle/occlusion/heavy(n=2); big-vehicle/occlusion/partial(n=24); big-vehicle/size/small(n=15); car/density/dense(n=11); car/occlusion/heavy(n=0); pedestrian/density/sparse(n=12); pedestrian/occlusion/heavy(n=2); pedestrian/size/large(n=0); two-wheeler/density/dense(n=21); two-wheeler/occlusion/heavy(n=0); two-wheeler/size/large(n=0)
V1 vs V7,secondary,ap50,24,24,102,0.17798,1,0.0405314,0.0290393,0.32,198,102,False,30,12,big-vehicle/density/dense(n=1); big-vehicle/occlusion/heavy(n=2); big-vehicle/occlusion/partial(n=24); big-vehicle/size/small(n=15); car/density/dense(n=11); car/occlusion/heavy(n=0); pedestrian/density/sparse(n=12); pedestrian/occlusion/heavy(n=2); pedestrian/size/large(n=0); two-wheeler/density/dense(n=21); two-wheeler/occlusion/heavy(n=0); two-wheeler/size/large(n=0)
V2 vs V3,secondary,ap50,24,24,92,0.101096,1,-0.0302397,-0.0206799,-0.386667,92,208,False,30,12,big-vehicle/density/dense(n=1); big-vehicle/occlusion/heavy(n=2); big-vehicle/occlusion/partial(n=24); big-vehicle/size/small(n=15); car/density/dense(n=11); car/occlusion/heavy(n=0); pedestrian/density/sparse(n=12); pedestrian/occlusion/heavy(n=2); pedestrian/size/large(n=0); two-wheeler/density/dense(n=21); two-wheeler/occlusion/heavy(n=0); two-wheeler/size/large(n=0)
V2 vs V4,secondary,ap50,24,24,116,0.344877,1,-0.0139096,-0.00919838,-0.226667,116,184,False,30,12,big-vehicle/density/dense(n=1); big-vehicle/occlusion/heavy(n=2); big-vehicle/occlusion/partial(n=24); big-vehicle/size/small(n=15); car/density/dense(n=11); car/occlusion/heavy(n=0); pedestrian/density/sparse(n=12); pedestrian/occlusion/heavy(n=2); pedestrian/size/large(n=0); two-wheeler/density/dense(n=21); two-wheeler/occlusion/heavy(n=0); two-wheeler/size/large(n=0)
V2 vs V5,secondary,ap50,24,24,99,0.151501,1,-0.0194009,-0.0108217,-0.34,99,201,False,30,12,big-vehicle/density/dense(n=1); big-vehicle/occlusion/heavy(n=2); big-vehicle/occlusion/partial(n=24); big-vehicle/size/small(n=15); car/density/dense(n=11); car/occlusion/heavy(n=0); pedestrian/density/sparse(n=12); pedestrian/occlusion/heavy(n=2); pedestrian/size/large(n=0); two-wheeler/density/dense(n=21); two-wheeler/occlusion/heavy(n=0); two-wheeler/size/large(n=0)
V2 vs V6,secondary,ap50,24,24,26,0.000127077,0.00241446,0.0515767,0.0593265,0.826667,274,26,True,30,12,big-vehicle/density/dense(n=1); big-vehicle/occlusion/heavy(n=2); big-vehicle/occlusion/partial(n=24); big-vehicle/size/small(n=15); car/density/dense(n=11); car/occlusion/heavy(n=0); pedestrian/density/sparse(n=12); pedestrian/occlusion/heavy(n=2); pedestrian/size/large(n=0); two-wheeler/density/dense(n=21); two-wheeler/occlusion/heavy(n=0); two-wheeler/size/large(n=0)
V2 vs V7,secondary,ap50,24,24,149,0.988813,1,0.0030524,0.00346942,0.00666667,151,149,False,30,12,big-vehicle/density/dense(n=1); big-vehicle/occlusion/heavy(n=2); big-vehicle/occlusion/partial(n=24); big-vehicle/size/small(n=15); car/density/dense(n=11); car/occlusion/heavy(n=0); pedestrian/density/sparse(n=12); pedestrian/occlusion/heavy(n=2); pedestrian/size/large(n=0); two-wheeler/density/dense(n=21); two-wheeler/occlusion/heavy(n=0); two-wheeler/size/large(n=0)
V2 vs V8,secondary,ap50,24,24,24,9.08375e-05,0.00181675,-0.0536303,-0.0455767,-0.84,24,276,True,30,12,big-vehicle/density/dense(n=1); big-vehicle/occlusion/heavy(n=2); big-vehicle/occlusion/partial(n=24); big-vehicle/size/small(n=15); car/density/dense(n=11); car/occlusion/heavy(n=0); pedestrian/density/sparse(n=12); pedestrian/occlusion/heavy(n=2); pedestrian/size/large(n=0); two-wheeler/density/dense(n=21); two-wheeler/occlusion/heavy(n=0); two-wheeler/size/large(n=0)
V3 vs V4,secondary,ap50,24,24,114,0.316512,1,0.0123309,0.0114815,0.24,186,114,False,30,12,big-vehicle/density/dense(n=1); big-vehicle/occlusion/heavy(n=2); big-vehicle/occlusion/partial(n=24); big-vehicle/size/small(n=15); car/density/dense(n=11); car/occlusion/heavy(n=0); pedestrian/density/sparse(n=12); pedestrian/occlusion/heavy(n=2); pedestrian/size/large(n=0); two-wheeler/density/dense(n=21); two-wheeler/occlusion/heavy(n=0); two-wheeler/size/large(n=0)
V3 vs V5,secondary,ap50,24,24,112,0.289667,1,0.0298532,0.00985815,0.253333,188,112,False,30,12,big-vehicle/density/dense(n=1); big-vehicle/occlusion/heavy(n=2); big-vehicle/occlusion/partial(n=24); big-vehicle/size/small(n=15); car/density/dense(n=11); car/occlusion/heavy(n=0); pedestrian/density/sparse(n=12); pedestrian/occlusion/heavy(n=2); pedestrian/size/large(n=0); two-wheeler/density/dense(n=21); two-wheeler/occlusion/heavy(n=0); two-wheeler/size/large(n=0)
V3 vs V6,secondary,ap50,24,24,34,0.000429869,0.00773764,0.0789886,0.0800064,0.773333,266,34,True,30,12,big-vehicle/density/dense(n=1); big-vehicle/occlusion/heavy(n=2); big-vehicle/occlusion/partial(n=24); big-vehicle/size/small(n=15); car/density/dense(n=11); car/occlusion/heavy(n=0); pedestrian/density/sparse(n=12); pedestrian/occlusion/heavy(n=2); pedestrian/size/large(n=0); two-wheeler/density/dense(n=21); two-wheeler/occlusion/heavy(n=0); two-wheeler/size/large(n=0)
V3 vs V7,secondary,ap50,24,24,98,0.14335,1,0.0118594,0.0241493,0.346667,202,98,False,30,12,big-vehicle/density/dense(n=1); big-vehicle/occlusion/heavy(n=2); big-vehicle/occlusion/partial(n=24); big-vehicle/size/small(n=15); car/density/dense(n=11); car/occlusion/heavy(n=0); pedestrian/density/sparse(n=12); pedestrian/occlusion/heavy(n=2); pedestrian/size/large(n=0); two-wheeler/density/dense(n=21); two-wheeler/occlusion/heavy(n=0); two-wheeler/size/large(n=0)
V3 vs V8,secondary,ap50,24,24,65,0.0137793,0.206689,-0.0190158,-0.0248968,-0.566667,65,235,False,30,12,big-vehicle/density/dense(n=1); big-vehicle/occlusion/heavy(n=2); big-vehicle/occlusion/partial(n=24); big-vehicle/size/small(n=15); car/density/dense(n=11); car/occlusion/heavy(n=0); pedestrian/density/sparse(n=12); pedestrian/occlusion/heavy(n=2); pedestrian/size/large(n=0); two-wheeler/density/dense(n=21); two-wheeler/occlusion/heavy(n=0); two-wheeler/size/large(n=0)
V4 vs V5,secondary,ap50,24,24,141,0.811536,1,0.006698,-0.00162336,0.06,159,141,False,30,12,big-vehicle/density/dense(n=1); big-vehicle/occlusion/heavy(n=2); big-vehicle/occlusion/partial(n=24); big-vehicle/size/small(n=15); car/density/dense(n=11); car/occlusion/heavy(n=0); pedestrian/density/sparse(n=12); pedestrian/occlusion/heavy(n=2); pedestrian/size/large(n=0); two-wheeler/density/dense(n=21); two-wheeler/occlusion/heavy(n=0); two-wheeler/size/large(n=0)
V4 vs V6,secondary,ap50,24,24,23,7.62939e-05,0.00160217,0.0594252,0.0685249,0.846667,277,23,True,30,12,big-vehicle/density/dense(n=1); big-vehicle/occlusion/heavy(n=2); big-vehicle/occlusion/partial(n=24); big-vehicle/size/small(n=15); car/density/dense(n=11); car/occlusion/heavy(n=0); pedestrian/density/sparse(n=12); pedestrian/occlusion/heavy(n=2); pedestrian/size/large(n=0); two-wheeler/density/dense(n=21); two-wheeler/occlusion/heavy(n=0); two-wheeler/size/large(n=0)
V4 vs V7,secondary,ap50,24,24,137,0.725741,1,-0.00606041,0.0126678,0.0866667,163,137,False,30,12,big-vehicle/density/dense(n=1); big-vehicle/occlusion/heavy(n=2); big-vehicle/occlusion/partial(n=24); big-vehicle/size/small(n=15); car/density/dense(n=11); car/occlusion/heavy(n=0); pedestrian/density/sparse(n=12); pedestrian/occlusion/heavy(n=2); pedestrian/size/large(n=0); two-wheeler/density/dense(n=21); two-wheeler/occlusion/heavy(n=0); two-wheeler/size/large(n=0)
V4 vs V8,secondary,ap50,24,24,15,1.63317e-05,0.000359297,-0.0237677,-0.0363783,-0.9,15,285,True,30,12,big-vehicle/density/dense(n=1); big-vehicle/occlusion/heavy(n=2); big-vehicle/occlusion/partial(n=24); big-vehicle/size/small(n=15); car/density/dense(n=11); car/occlusion/heavy(n=0); pedestrian/density/sparse(n=12); pedestrian/occlusion/heavy(n=2); pedestrian/size/large(n=0); two-wheeler/density/dense(n=21); two-wheeler/occlusion/heavy(n=0); two-wheeler/size/large(n=0)
V5 vs V6,secondary,ap50,24,24,14,1.3113e-05,0.0003016,0.065258,0.0701482,0.906667,286,14,True,30,12,big-vehicle/density/dense(n=1); big-vehicle/occlusion/heavy(n=2); big-vehicle/occlusion/partial(n=24); big-vehicle/size/small(n=15); car/density/dense(n=11); car/occlusion/heavy(n=0); pedestrian/density/sparse(n=12); pedestrian/occlusion/heavy(n=2); pedestrian/size/large(n=0); two-wheeler/density/dense(n=21); two-wheeler/occlusion/heavy(n=0); two-wheeler/size/large(n=0)
V5 vs V7,secondary,ap50,24,24,122,0.438931,1,0.00987173,0.0142912,0.186667,178,122,False,30,12,big-vehicle/density/dense(n=1); big-vehicle/occlusion/heavy(n=2); big-vehicle/occlusion/partial(n=24); big-vehicle/size/small(n=15); car/density/dense(n=11); car/occlusion/heavy(n=0); pedestrian/density/sparse(n=12); pedestrian/occlusion/heavy(n=2); pedestrian/size/large(n=0); two-wheeler/density/dense(n=21); two-wheeler/occlusion/heavy(n=0); two-wheeler/size/large(n=0)
V6 vs V7,secondary,ap50,24,24,34,0.000429869,0.00773764,-0.0616958,-0.0558571,-0.773333,34,266,True,30,12,big-vehicle/density/dense(n=1); big-vehicle/occlusion/heavy(n=2); big-vehicle/occlusion/partial(n=24); big-vehicle/size/small(n=15); car/density/dense(n=11); car/occlusion/heavy(n=0); pedestrian/density/sparse(n=12); pedestrian/occlusion/heavy(n=2); pedestrian/size/large(n=0); two-wheeler/density/dense(n=21); two-wheeler/occlusion/heavy(n=0); two-wheeler/size/large(n=0)
V6 vs V8,secondary,ap50,24,24,7,2.26498e-06,5.66244e-05,-0.0829565,-0.104903,-0.953333,7,293,True,30,12,big-vehicle/density/dense(n=1); big-vehicle/occlusion/heavy(n=2); big-vehicle/occlusion/partial(n=24); big-vehicle/size/small(n=15); car/density/dense(n=11); car/occlusion/heavy(n=0); pedestrian/density/sparse(n=12); pedestrian/occlusion/heavy(n=2); pedestrian/size/large(n=0); two-wheeler/density/dense(n=21); two-wheeler/occlusion/heavy(n=0); two-wheeler/size/large(n=0)
V7 vs V8,secondary,ap50,24,24,68,0.0178703,0.250184,-0.0216163,-0.0490461,-0.546667,68,232,False,30,12,big-vehicle/density/dense(n=1); big-vehicle/occlusion/heavy(n=2); big-vehicle/occlusion/partial(n=24); big-vehicle/size/small(n=15); car/density/dense(n=11); car/occlusion/heavy(n=0); pedestrian/density/sparse(n=12); pedestrian/occlusion/heavy(n=2); pedestrian/size/large(n=0); two-wheeler/density/dense(n=21); two-wheeler/occlusion/heavy(n=0); two-wheeler/size/large(n=0)
